run,n_clouds,slope_real,slope_mirror,D_real,D_mirror,R2_real,R2_mirror,delta_D,delta_slope,delta_R2
1,190,0.6643342437741826,0.6920284361930679,1.3286684875483652,1.3840568723861357,0.9168413679722296,0.9611081869417873,-0.05538838483777053,-0.027694192418885266,-0.04426681896955775
2,187,0.6693752272141896,0.6929426673643796,1.3387504544283793,1.3858853347287592,0.930836784917804,0.9676352959306405,-0.04713488030037993,-0.023567440150189967,-0.03679851101283649
3,220,0.6744118754331507,0.6887972102056228,1.3488237508663015,1.3775944204112456,0.9152351772940513,0.9733738498911788,-0.028770669544944116,-0.014385334772472058,-0.05813867259712746
4,178,0.6818741119294777,0.7033754255394424,1.3637482238589553,1.4067508510788849,0.9252651806711611,0.961898953974871,-0.043002627219929535,-0.021501313609964767,-0.03663377330370987
5,179,0.6637527357105695,0.6877108178674083,1.327505471421139,1.3754216357348166,0.9183135956838467,0.9712362472606552,-0.04791616431367762,-0.02395808215683881,-0.05292265157680842
6,202,0.6870063047354571,0.7072018120390924,1.3740126094709142,1.4144036240781848,0.9307156290172633,0.9703747143778501,-0.04039101460727057,-0.020195507303635285,-0.03965908536058671
7,189,0.6642933675636341,0.673905813489657,1.3285867351272682,1.347811626979314,0.9272183586043043,0.9676684194295025,-0.019224891852045678,-0.009612445926022839,-0.0404500608251982
8,204,0.645104505005486,0.664023645724181,1.290209010010972,1.328047291448362,0.8983771804915555,0.9622663940775082,-0.0378382814373901,-0.01891914071869505,-0.06388921358595279
9,215,0.6429350902636137,0.6816766491059669,1.2858701805272275,1.3633532982119339,0.9101377708033378,0.9672805563014931,-0.07748311768470639,-0.038741558842353196,-0.057142785498155324
10,194,0.6932753516984774,0.6823125705643283,1.3865507033969549,1.3646251411286565,0.9376533088531455,0.9610895586564012,0.021925562268298338,0.010962781134149169,-0.02343624980325576
11,163,0.7018197494379599,0.6962192024824734,1.4036394988759198,1.3924384049649468,0.9045392040551952,0.9669768499287338,0.011201093910973015,0.005600546955486507,-0.062437645873538616
12,179,0.6928299704741363,0.6905430953728277,1.3856599409482726,1.3810861907456553,0.9305903431471096,0.968925868126217,0.004573750202617299,0.0022868751013086497,-0.038335524979107305
13,217,0.6609341902002035,0.7029713925270025,1.321868380400407,1.405942785054005,0.9251834219606238,0.9766725450182009,-0.08407440465359795,-0.04203720232679897,-0.051489123057577135
14,189,0.6540168372749245,0.6896911425762958,1.308033674549849,1.3793822851525916,0.9185312935141517,0.9622616543427293,-0.07134861060274256,-0.03567430530137128,-0.04373036082857751
15,188,0.6587132205298606,0.6835536479526083,1.3174264410597212,1.3671072959052166,0.9165464518478027,0.9627589669305034,-0.04968085484549545,-0.024840427422747724,-0.046212515082700745
16,200,0.6722706660192856,0.6876639565376188,1.3445413320385713,1.3753279130752376,0.9340102720165743,0.9700207848975841,-0.030786581036666316,-0.015393290518333158,-0.03601051288100987
17,216,0.672040042406357,0.689726891434302,1.344080084812714,1.379453782868604,0.9154565870404734,0.9652633711343636,-0.03537369805589008,-0.01768684902794504,-0.049806784093890166
18,193,0.6505415747375314,0.6819850628031615,1.3010831494750628,1.363970125606323,0.9206977647888186,0.9659053633754653,-0.06288697613126026,-0.03144348806563013,-0.04520759858664669
19,181,0.6642063106287159,0.7060102336014622,1.3284126212574319,1.4120204672029244,0.9313266912057676,0.9669739818609822,-0.08360784594549253,-0.041803922972746266,-0.03564729065521455
20,185,0.6889192002237053,0.689618697751609,1.3778384004474107,1.379237395503218,0.926034199382702,0.9599348835563143,-0.0013989950558073172,-0.0006994975279036586,-0.03390068417361225
21,226,0.6660295711707177,0.6961325169981952,1.3320591423414354,1.3922650339963905,0.9096649936659341,0.9580690263530361,-0.060205891654955046,-0.030102945827477523,-0.04840403268710203
22,211,0.6627701738546468,0.7009225690551372,1.3255403477092935,1.4018451381102743,0.9148853085781035,0.9687976434353258,-0.07630479040098082,-0.03815239520049041,-0.053912334857222355
23,194,0.67851303624009,0.6912867925249211,1.35702607248018,1.3825735850498422,0.9090086451622137,0.965565037684017,-0.025547512569662256,-0.012773756284831128,-0.056556392521803334
24,199,0.674088063819161,0.6861516937326304,1.348176127638322,1.3723033874652608,0.9073781009617946,0.9657312603338168,-0.024127259826938863,-0.012063629913469431,-0.058353159372022234
25,180,0.6505792336377015,0.6882229681223881,1.301158467275403,1.3764459362447763,0.926920706581437,0.96501989971283,-0.07528746896937322,-0.03764373448468661,-0.03809919313139298
26,205,0.6657259025172314,0.6926599421580006,1.3314518050344628,1.3853198843160013,0.9186855358900491,0.964799617773961,-0.05386807928153847,-0.026934039640769236,-0.04611408188391186
27,201,0.6801843117180227,0.6900592920445661,1.3603686234360455,1.3801185840891321,0.9235751331115861,0.9659516366826375,-0.01974996065308665,-0.009874980326543326,-0.04237650357105138
28,209,0.6568637732441758,0.6808803997744342,1.3137275464883515,1.3617607995488683,0.9058573878610089,0.9635747743409634,-0.048033253060516756,-0.024016626530258378,-0.0577173864799545
29,191,0.6929733801098273,0.6941815191622714,1.3859467602196547,1.3883630383245429,0.9308898469889578,0.9740630875403506,-0.002416278104888203,-0.0012081390524441016,-0.04317324055139282
30,189,0.6677088461024732,0.6967222573687509,1.3354176922049463,1.3934445147375019,0.9247009906366513,0.977159348757124,-0.05802682253255553,-0.029013411266277767,-0.052458358120472615
31,192,0.6460107830050864,0.6920052384234652,1.2920215660101728,1.3840104768469303,0.9322078097482807,0.9636570434441739,-0.09198891083675753,-0.045994455418378766,-0.03144923369589325
32,190,0.6673835536261141,0.6996774227502726,1.3347671072522282,1.3993548455005451,0.9343417753803428,0.9724414465246081,-0.06458773824831687,-0.032293869124158436,-0.03809967114426527
33,141,0.6587482731461514,0.6847216563618124,1.3174965462923027,1.3694433127236247,0.9502710514864715,0.9612693254823688,-0.05194676643132201,-0.025973383215661006,-0.010998273995897256
34,179,0.6541877167950622,0.6947199862786605,1.3083754335901243,1.389439972557321,0.9271967528734345,0.9734185773392976,-0.08106453896719668,-0.04053226948359834,-0.04622182446586309
35,214,0.6647813654375584,0.7019725904237444,1.3295627308751168,1.4039451808474888,0.9118740000943155,0.9732710797028844,-0.07438244997237198,-0.03719122498618599,-0.06139707960856888
36,209,0.6583004477049393,0.6998195569733172,1.3166008954098787,1.3996391139466344,0.9201679002112797,0.969653991887559,-0.08303821853675575,-0.041519109268377874,-0.049486091676279265
37,185,0.6624537090915548,0.6706221207731092,1.3249074181831095,1.3412442415462185,0.9170347696491411,0.9657472992347531,-0.016336823363108932,-0.008168411681554466,-0.04871252958561201
38,202,0.6501965360671154,0.6703535004409772,1.3003930721342307,1.3407070008819544,0.9158079113243293,0.9657034754837137,-0.04031392874772366,-0.02015696437386183,-0.04989556415938445
39,194,0.6658176424833063,0.6942816222262365,1.3316352849666127,1.388563244452473,0.928412234475959,0.965063596615077,-0.05692795948586027,-0.028463979742930134,-0.036651362139118016
40,188,0.6674529394583734,0.6901088295602845,1.3349058789167467,1.380217659120569,0.9195962805380596,0.9735255996923263,-0.045311780203822316,-0.022655890101911158,-0.053929319154266686
41,201,0.6630483940781148,0.67769918928669,1.3260967881562296,1.35539837857338,0.9325319864098829,0.9673234408588796,-0.029301590417150525,-0.014650795208575262,-0.03479145444899667
42,199,0.662985993574438,0.6742247029687918,1.325971987148876,1.3484494059375836,0.9173346952166812,0.9543964955658958,-0.02247741878870757,-0.011238709394353785,-0.03706180034921458
43,198,0.6588440267663785,0.6963672543145637,1.317688053532757,1.3927345086291274,0.9251148215683602,0.9695541820865179,-0.07504645509637031,-0.037523227548185156,-0.04443936051815767
44,188,0.6861765199853634,0.6915092664762971,1.3723530399707269,1.3830185329525941,0.9452038521860523,0.9631488275966092,-0.010665492981867253,-0.005332746490933626,-0.01794497541055695
45,209,0.6799199366523367,0.695752884254566,1.3598398733046735,1.391505768509132,0.9231772345249591,0.9760547804479731,-0.031665895204458616,-0.015832947602229308,-0.05287754592301397
46,192,0.6322977229611327,0.6774753565433375,1.2645954459222655,1.354950713086675,0.897316278088849,0.9724847729830243,-0.09035526716440945,-0.045177633582204724,-0.07516849489417532
47,203,0.6734346671966057,0.6842861443650393,1.3468693343932114,1.3685722887300786,0.9261850534423538,0.9644801498106071,-0.021702954336867197,-0.010851477168433599,-0.038295096368253345
48,192,0.6565914273602644,0.6865859797965841,1.3131828547205289,1.3731719595931682,0.9193543646194386,0.9579346800056506,-0.05998910487263931,-0.029994552436319655,-0.03858031538621198
49,205,0.668849018570858,0.6961946557073955,1.337698037141716,1.392389311414791,0.916130264732336,0.9620826929124079,-0.054691274273074963,-0.027345637136537482,-0.045952428180071836
50,171,0.6538813287967492,0.6845746863048752,1.3077626575934984,1.3691493726097503,0.9354967964836284,0.9740200364547205,-0.061386715016251925,-0.030693357508125962,-0.03852323997109208
51,206,0.6784658178400603,0.6966401934637695,1.3569316356801207,1.393280386927539,0.9140319921873514,0.9670274360781984,-0.03634875124741832,-0.01817437562370916,-0.05299544389084698
52,200,0.6618624725728297,0.7033300271744236,1.3237249451456594,1.4066600543488472,0.9247345001509891,0.9696021250800219,-0.0829351092031878,-0.0414675546015939,-0.044867624929032734
53,196,0.6680656558734769,0.6886561396255323,1.3361313117469538,1.3773122792510646,0.9139005043707463,0.9667951423016575,-0.04118096750411082,-0.02059048375205541,-0.052894637930911204
54,175,0.6681096616324015,0.6789721716220651,1.336219323264803,1.3579443432441303,0.9350552007178116,0.9689668205853088,-0.021725019979327298,-0.010862509989663649,-0.033911619867497245
55,207,0.6607335939926791,0.6920573573795356,1.3214671879853581,1.384114714759071,0.9136549735140013,0.9666145482665718,-0.06264752677371299,-0.031323763386856496,-0.052959574752570515
56,168,0.6553664984630547,0.6723652032236506,1.3107329969261095,1.3447304064473011,0.9123074141540889,0.9782334163151284,-0.03399740952119168,-0.01699870476059584,-0.0659260021610395
57,189,0.7031882675636824,0.7032684825893023,1.4063765351273647,1.4065369651786046,0.9434360005055286,0.9749797391372174,-0.0001604300512398904,-8.02150256199452e-05,-0.0315437386316888
58,167,0.6491999453364866,0.6830058038245379,1.2983998906729732,1.3660116076490758,0.9130146500816856,0.968543970164701,-0.06761171697610258,-0.03380585848805129,-0.055529320083015365
59,167,0.678164580181757,0.6961107874338464,1.356329160363514,1.3922215748676927,0.9354690491389281,0.9756674782116542,-0.03589241450417879,-0.017946207252089397,-0.04019842907272608
60,208,0.6686888260084042,0.6955719220609979,1.3373776520168084,1.3911438441219959,0.9116413915693687,0.9690745247103763,-0.053766192105187516,-0.026883096052593758,-0.05743313314100751
61,200,0.6645048012430312,0.6976134219247178,1.3290096024860625,1.3952268438494355,0.9096551439237172,0.9658835563961652,-0.06621724136337304,-0.03310862068168652,-0.05622841247244803
62,192,0.6615695830603188,0.693125465773426,1.3231391661206375,1.386250931546852,0.9398528366932217,0.976245587660825,-0.06311176542621455,-0.031555882713107275,-0.036392750967603305
63,174,0.6670702105088264,0.6939287000175307,1.3341404210176528,1.3878574000350614,0.9397607655064327,0.9723817871517464,-0.05371697901740857,-0.026858489508704286,-0.032621021645313664
64,194,0.66557895206913,0.6944284248715106,1.33115790413826,1.3888568497430211,0.9170336062069919,0.9697476279767433,-0.05769894560476119,-0.028849472802380594,-0.052714021769751374
65,178,0.6654079623879335,0.6664521698902692,1.330815924775867,1.3329043397805385,0.8994386921896499,0.9637084212948577,-0.0020884150046713845,-0.0010442075023356923,-0.06426972910520778
66,177,0.6523227751949879,0.6900334796132401,1.3046455503899759,1.3800669592264803,0.9141978911814632,0.9679535243912638,-0.07542140883650439,-0.037710704418252194,-0.05375563320980059
67,183,0.6772566560459308,0.6797663527653471,1.3545133120918615,1.3595327055306943,0.9292243279104535,0.965185824235427,-0.005019393438832731,-0.0025096967194163655,-0.035961496324973474
68,179,0.6779955462170164,0.6963515178910442,1.3559910924340328,1.3927030357820884,0.9258641306127617,0.9729984391724087,-0.03671194334805561,-0.018355971674027804,-0.047134308559646954
69,182,0.6520289816213825,0.6986658437466116,1.304057963242765,1.3973316874932231,0.9259544367180558,0.9714734947424956,-0.09327372425045821,-0.046636862125229106,-0.045519058024439785
70,206,0.6838970661389584,0.6952153216315071,1.3677941322779168,1.3904306432630142,0.9065095749636682,0.9670885386495383,-0.022636510985097447,-0.011318255492548723,-0.06057896368587001
71,207,0.6345628213546209,0.6806351019696999,1.2691256427092419,1.3612702039393998,0.8948960530925364,0.9603721063011856,-0.0921445612301579,-0.04607228061507895,-0.06547605320864924
72,183,0.678169723973338,0.6996316783931072,1.356339447946676,1.3992633567862145,0.93134399915902,0.9732265533122835,-0.04292390883953856,-0.02146195441976928,-0.041882554153263474
73,189,0.6469700233321163,0.6935961005863935,1.2939400466642326,1.387192201172787,0.9083460576288741,0.9651060495085313,-0.09325215450855451,-0.046626077254277254,-0.05675999187965719
74,144,0.6712955091827285,0.6819883618558311,1.342591018365457,1.3639767237116622,0.937936958321482,0.9655079880677805,-0.021385705346205208,-0.010692852673102604,-0.027571029746298437
75,191,0.6703689425235714,0.6892452935494227,1.3407378850471428,1.3784905870988453,0.9369342752001738,0.9735766141919538,-0.03775270205170256,-0.01887635102585128,-0.036642338991780044
76,227,0.6456707130777414,0.6899597382702869,1.2913414261554828,1.3799194765405738,0.9064884323616296,0.973005780412686,-0.08857805038509103,-0.04428902519254552,-0.06651734805105647
77,201,0.6637044404711995,0.694252096073006,1.327408880942399,1.388504192146012,0.9196839845411445,0.9672157404719904,-0.061095311203613,-0.0305476556018065,-0.04753175593084591
78,172,0.6940650398078028,0.7115914267391156,1.3881300796156055,1.4231828534782311,0.9319549174999154,0.9746266320045375,-0.03505277386262562,-0.01752638693131281,-0.04267171450462204
79,184,0.6659689061489045,0.6997106102087549,1.331937812297809,1.3994212204175098,0.9274048834926728,0.9698295143404233,-0.06748340811970088,-0.03374170405985044,-0.0424246308477505
80,160,0.6672318064987502,0.6932057129182576,1.3344636129975005,1.3864114258365152,0.942842811116076,0.976188514736029,-0.05194781283901473,-0.025973906419507364,-0.03334570361995293
81,186,0.670589991731037,0.6977791212462768,1.341179983462074,1.3955582424925537,0.9220722920178468,0.9668958314461297,-0.05437825903047977,-0.027189129515239885,-0.04482353942828288
82,201,0.684562004317586,0.6927147459719359,1.369124008635172,1.3854294919438719,0.9166152711869716,0.9698187628258933,-0.016305483308699964,-0.008152741654349982,-0.053203491638921685
83,200,0.656468229314057,0.6957281913226943,1.312936458628114,1.3914563826453885,0.9194787360913242,0.9662950084255332,-0.07851992401727448,-0.03925996200863724,-0.04681627233420893
84,189,0.6654394312900209,0.6746525768935856,1.3308788625800418,1.3493051537871712,0.9198869165614693,0.9631084013377479,-0.018426291207129353,-0.009213145603564676,-0.04322148477627863
85,186,0.6585158474829844,0.703569071609364,1.3170316949659688,1.407138143218728,0.9201345915504489,0.9740936099792452,-0.09010644825275915,-0.045053224126379576,-0.05395901842879636
86,186,0.6641539324917907,0.6895474804860393,1.3283078649835813,1.3790949609720786,0.889497700637826,0.9660408362691882,-0.05078709598849729,-0.025393547994248644,-0.07654313563136228
87,197,0.6866474089527052,0.6929260294320752,1.3732948179054103,1.3858520588641503,0.9238915037028476,0.9706973724868236,-0.012557240958740001,-0.006278620479370001,-0.04680586878397608
88,177,0.661461689578627,0.6828750267365701,1.322923379157254,1.3657500534731402,0.9163738776129066,0.9646983062855229,-0.04282667431588605,-0.021413337157943024,-0.048324428672616326
89,204,0.6749114938674422,0.6855916791973474,1.3498229877348844,1.3711833583946949,0.9235139825217911,0.9751216308946484,-0.021360370659810446,-0.010680185329905223,-0.05160764837285736
90,181,0.6702379025655291,0.6966574915802664,1.3404758051310581,1.3933149831605327,0.9262566857826301,0.9774560450445217,-0.052839178029474576,-0.026419589014737288,-0.051199359261891564
91,193,0.682990410541892,0.6985648176664561,1.365980821083784,1.3971296353329121,0.9360476756899947,0.9692241046070669,-0.031148814249128076,-0.015574407124564038,-0.033176428917072176
92,136,0.6703275096354379,0.6920231664117955,1.3406550192708757,1.384046332823591,0.9421705637056945,0.9729675489765832,-0.043391313552715305,-0.021695656776357652,-0.0307969852708887
93,197,0.6846680388818788,0.695384135002372,1.3693360777637575,1.390768270004744,0.9213381062425753,0.9714307861949953,-0.02143219224098636,-0.01071609612049318,-0.05009267995242006
94,180,0.6542323847575452,0.6927547956248142,1.3084647695150904,1.3855095912496285,0.9253611846969719,0.9712667456730651,-0.07704482173453808,-0.03852241086726904,-0.04590556097609322
95,173,0.6973441162384678,0.7010584139948896,1.3946882324769356,1.402116827989779,0.942120499696987,0.9726202391201987,-0.007428595512843472,-0.003714297756421736,-0.030499739423211714
96,191,0.6724051953274934,0.6863063013193148,1.3448103906549869,1.3726126026386296,0.9083102173898963,0.959001382178934,-0.027802211983642744,-0.013901105991821372,-0.05069116478903779
97,173,0.6583393071264639,0.7008272430630144,1.3166786142529279,1.4016544861260287,0.933269598864811,0.9634920744413903,-0.08497587187310085,-0.042487935936550425,-0.03022247557657931
98,184,0.6799251612873939,0.6914315323595206,1.3598503225747878,1.3828630647190412,0.9353377464928557,0.9749311316218171,-0.023012742144253417,-0.011506371072126709,-0.03959338512896138
99,219,0.6634124115044023,0.688538719044549,1.3268248230088047,1.377077438089098,0.9144826441028425,0.9705578600798727,-0.05025261508029333,-0.025126307540146664,-0.056075215977030135
100,198,0.6518897581672659,0.6873754539324526,1.3037795163345318,1.3747509078649052,0.9133417056536891,0.9667707163796145,-0.07097139153037335,-0.035485695765186676,-0.05342901072592543
101,198,0.6446986601727576,0.6934053051973866,1.2893973203455151,1.3868106103947733,0.8865068435476896,0.9641348844186742,-0.09741329004925814,-0.04870664502462907,-0.07762804087098463
102,188,0.6712838342723895,0.6794789158638432,1.342567668544779,1.3589578317276865,0.9383825608533545,0.9605587986222945,-0.016390163182907536,-0.008195081591453768,-0.022176237768940066
103,171,0.6596296302794834,0.6948461011401627,1.3192592605589668,1.3896922022803253,0.9262177371105529,0.9711380379339145,-0.0704329417213585,-0.03521647086067925,-0.044920300823361625
104,188,0.6692838436814327,0.7026836892848406,1.3385676873628654,1.4053673785696812,0.9218117040606439,0.9705945722575549,-0.06679969120681584,-0.03339984560340792,-0.04878286819691091
105,172,0.6603680151108177,0.6857174471501697,1.3207360302216353,1.3714348943003394,0.9445956389424552,0.9736792409290835,-0.05069886407870405,-0.025349432039352027,-0.029083601986628294
106,178,0.6679577716072145,0.6817531832932663,1.335915543214429,1.3635063665865326,0.9104313467663949,0.9721321936465509,-0.027590823372103612,-0.013795411686051806,-0.06170084688015598
107,190,0.6568596125787556,0.6890811906661267,1.3137192251575112,1.3781623813322534,0.9170733310661502,0.9665761204210109,-0.06444315617474228,-0.03222157808737114,-0.04950278935486074
108,198,0.675591875895426,0.704211943162226,1.351183751790852,1.408423886324452,0.9194875687090559,0.9640155404644067,-0.057240134533599996,-0.028620067266799998,-0.04452797175535084
109,197,0.6511743550187558,0.6792350733126166,1.3023487100375115,1.3584701466252331,0.9083483926869702,0.9626921837526938,-0.05612143658772162,-0.02806071829386081,-0.05434379106572362
110,182,0.6673437297318624,0.6818752092954345,1.3346874594637248,1.363750418590869,0.9067533196178917,0.9591698306801225,-0.029062959127144294,-0.014531479563572147,-0.052416511062230775
111,186,0.6807326125051071,0.7027578497429348,1.3614652250102142,1.4055156994858695,0.9187990397125572,0.9744485054472813,-0.044050474475655355,-0.022025237237827677,-0.05564946573472418
112,131,0.6350001853667694,0.6739424857627079,1.2700003707335388,1.3478849715254158,0.9228998685371778,0.9700484400799948,-0.07788460079187698,-0.03894230039593849,-0.04714857154281704
113,182,0.6645542692439044,0.6942061816298882,1.3291085384878087,1.3884123632597765,0.9326755780373761,0.9665770057755209,-0.05930382477196772,-0.02965191238598386,-0.03390142773814475
114,177,0.6522413378651819,0.6831932406357696,1.3044826757303638,1.3663864812715392,0.9392958262096248,0.9780401493389811,-0.06190380554117536,-0.03095190277058768,-0.03874432312935627
115,207,0.6764141616637932,0.6979652763743144,1.3528283233275864,1.3959305527486288,0.9108967330938774,0.9660262528043526,-0.04310222942104236,-0.02155111471052118,-0.055129519710475194
116,162,0.6522519483362664,0.6897527355745804,1.3045038966725329,1.3795054711491608,0.9225665293378185,0.9717491044774286,-0.07500157447662792,-0.03750078723831396,-0.04918257513961011
117,205,0.6445329385796251,0.7068167328717216,1.2890658771592503,1.4136334657434433,0.8969529346195132,0.9777690099710241,-0.12456758858419303,-0.06228379429209652,-0.08081607535151092
118,158,0.6954612205069891,0.7058230788873244,1.3909224410139782,1.4116461577746489,0.9325404506745634,0.973245250851077,-0.02072371676067064,-0.01036185838033532,-0.04070480017651368
119,186,0.6858093606516799,0.6929580774530057,1.3716187213033597,1.3859161549060115,0.9348134987748095,0.9690496999916836,-0.014297433602651788,-0.007148716801325894,-0.034236201216874096
120,194,0.6761207950851562,0.6901564933110506,1.3522415901703124,1.3803129866221011,0.9276947543814813,0.9643703171581478,-0.028071396451788688,-0.014035698225894344,-0.036675562776666504
121,208,0.672453317927014,0.6945084883308664,1.344906635854028,1.3890169766617328,0.8982858219689547,0.9631454823780622,-0.04411034080770482,-0.02205517040385241,-0.06485966040910751
122,175,0.6752669710031011,0.6716122451924106,1.3505339420062021,1.3432244903848212,0.9271828338528116,0.9658399376317941,0.007309451621380969,0.0036547258106904845,-0.03865710377898246
123,176,0.6608248373377325,0.6804596828992933,1.321649674675465,1.3609193657985865,0.9222763885008407,0.966786850439777,-0.03926969112312162,-0.01963484556156081,-0.04451046193893626
124,198,0.6505489514697186,0.6959374829765164,1.3010979029394372,1.3918749659530327,0.9207016571563812,0.9683584560897244,-0.09077706301359556,-0.04538853150679778,-0.04765679893334318
125,194,0.6602624378942583,0.693562651233664,1.3205248757885166,1.387125302467328,0.9175507438786333,0.9641779522355989,-0.06660042667881139,-0.03330021333940569,-0.046627208356965544
126,167,0.6968316136254455,0.7068232776896899,1.393663227250891,1.4136465553793798,0.9203252100869418,0.9663333018164133,-0.019983328128488687,-0.009991664064244343,-0.04600809172947151
127,192,0.6569602061566838,0.6680457332007571,1.3139204123133676,1.3360914664015142,0.9026769014295329,0.9618285153545254,-0.02217105408814657,-0.011085527044073284,-0.05915161392499246
128,181,0.660402132328685,0.6873520259365704,1.32080426465737,1.3747040518731408,0.91335587008699,0.9693807759831088,-0.05389978721577071,-0.026949893607885356,-0.05602490589611875
129,193,0.6961333516040351,0.6992626896424791,1.3922667032080702,1.3985253792849581,0.9419954909710488,0.9763178835818055,-0.0062586760768879035,-0.0031293380384439518,-0.03432239261075665
130,210,0.6775286926426597,0.6854276845357816,1.3550573852853194,1.3708553690715632,0.9171940213636782,0.9600810915783762,-0.015797983786243863,-0.007898991893121932,-0.04288707021469795
131,178,0.6479455537854145,0.6889297217722502,1.295891107570829,1.3778594435445004,0.9295730973879065,0.9721868266907104,-0.08196833597367137,-0.040984167986835685,-0.04261372930280394
132,186,0.6670233497594625,0.6993771196426531,1.334046699518925,1.3987542392853063,0.9274477739196813,0.9532681270116893,-0.06470753976638122,-0.03235376988319061,-0.02582035309200803
133,188,0.6611705985369859,0.695464197445091,1.3223411970739718,1.390928394890182,0.9106688564093371,0.9638537113454119,-0.06858719781621025,-0.03429359890810513,-0.05318485493607472
134,213,0.6596440062147553,0.6832989442591023,1.3192880124295105,1.3665978885182046,0.9180583239579787,0.9645045075574967,-0.04730987608869408,-0.02365493804434704,-0.04644618359951802
135,196,0.681207783714921,0.6811785915271357,1.362415567429842,1.3623571830542713,0.9031043949944204,0.9511001188812215,5.838437557059706e-05,2.919218778529853e-05,-0.04799572388680107
136,182,0.6911096616098075,0.7130785900105838,1.382219323219615,1.4261571800211676,0.9380046583416132,0.9738206302431521,-0.04393785680155271,-0.021968928400776355,-0.03581597190153896
137,196,0.6924161487567517,0.6894740176487594,1.3848322975135035,1.3789480352975187,0.9274221619164896,0.9592357659611486,0.0058842622159847036,0.0029421311079923518,-0.03181360404465894
138,183,0.6477622445246418,0.6815904996190996,1.2955244890492836,1.3631809992381991,0.9338604484971268,0.9735696695576288,-0.0676565101889155,-0.03382825509445775,-0.03970922106050201
139,189,0.6693898641458775,0.6990156603758743,1.338779728291755,1.3980313207517485,0.9327493729362516,0.9674043030267853,-0.05925159245999345,-0.029625796229996726,-0.034654930090533664
140,203,0.6578745540502503,0.6821889171775315,1.3157491081005006,1.364377834355063,0.9173053080400714,0.9696910400028964,-0.04862872625456238,-0.02431436312728119,-0.05238573196282503
141,210,0.6624285039691618,0.6927279533616599,1.3248570079383235,1.3854559067233199,0.8906036301709621,0.9678314195630083,-0.06059889878499636,-0.03029944939249818,-0.07722778939204622
142,193,0.6845069144950044,0.6916477905508935,1.369013828990009,1.383295581101787,0.9138355180274993,0.9676086720457221,-0.014281752111778179,-0.007140876055889089,-0.0537731540182228
143,211,0.6636551729639334,0.6909879777134558,1.3273103459278668,1.3819759554269115,0.918627424277699,0.961467161812329,-0.054665609499044754,-0.027332804749522377,-0.04283973753463011
144,192,0.6842045809986179,0.6941270450820823,1.3684091619972358,1.3882540901641647,0.929679358595103,0.9694000422630586,-0.019844928166928844,-0.009922464083464422,-0.03972068366795567
145,204,0.6344658125461506,0.6925887992803298,1.2689316250923013,1.3851775985606596,0.9132909135304649,0.9628541897775758,-0.1162459734683583,-0.05812298673417915,-0.04956327624711088
146,182,0.6702141650062348,0.6994503110941521,1.3404283300124695,1.3989006221883042,0.9433366284137454,0.9742686270506714,-0.05847229217583472,-0.02923614608791736,-0.030931998636925973
147,170,0.6462969465758698,0.6911253740625606,1.2925938931517396,1.3822507481251212,0.9276280157063788,0.9672643688735153,-0.0896568549733816,-0.0448284274866908,-0.03963635316713654
148,209,0.6567980545103617,0.6998388660373721,1.3135961090207233,1.3996777320747442,0.9142974681939631,0.974790704477566,-0.0860816230540209,-0.04304081152701045,-0.060493236283602925
149,212,0.6716928107948614,0.6929706289959419,1.3433856215897229,1.3859412579918837,0.9347504354141695,0.9661051955092461,-0.04255563640216087,-0.021277818201080434,-0.03135476009507665
150,203,0.6735845648071795,0.69479687143174,1.347169129614359,1.38959374286348,0.9112365001690521,0.9624007087340485,-0.042424613249120835,-0.021212306624560417,-0.05116420856499637
151,203,0.6809701003924105,0.6914999628218836,1.361940200784821,1.3829999256437673,0.9326698133636511,0.9716911167321203,-0.02105972485894636,-0.01052986242947318,-0.03902130336846921
152,200,0.6527643656338374,0.6927957779881965,1.3055287312676749,1.385591555976393,0.914480837118022,0.9648072052118164,-0.08006282470871806,-0.04003141235435903,-0.05032636809379443
153,164,0.6654967529246006,0.6956522383782002,1.3309935058492013,1.3913044767564005,0.9354454601469224,0.9781599866033523,-0.06031097090719917,-0.030155485453599584,-0.042714526456429924
154,162,0.6748377628152193,0.6964496412077743,1.3496755256304387,1.3928992824155486,0.9184541750164259,0.9674325121651723,-0.043223756785109924,-0.021611878392554962,-0.04897833714874644
155,185,0.6708023650253475,0.693384874701582,1.341604730050695,1.386769749403164,0.9290227544478519,0.9743593793672453,-0.04516501935246908,-0.02258250967623454,-0.04533662491939339
156,180,0.6891242556096026,0.6852141119334955,1.378248511219205,1.370428223866991,0.9414897799743877,0.9677400337245289,0.007820287352214184,0.003910143676107092,-0.026250253750141228
157,184,0.6685007642851506,0.7016503865892917,1.3370015285703012,1.4033007731785834,0.9341594416867798,0.9737014814652665,-0.06629924460828218,-0.03314962230414109,-0.03954203977848669
158,213,0.6936232621067149,0.7047093529421821,1.3872465242134298,1.4094187058843641,0.9100072246157109,0.9659812416721028,-0.022172181670934377,-0.011086090835467188,-0.05597401705639182
159,187,0.6873062438888565,0.6943412668653428,1.374612487777713,1.3886825337306856,0.9258347874161226,0.965200088077183,-0.014070045952972565,-0.007035022976486283,-0.039365300661060476
160,187,0.6457915747505968,0.6880849653694584,1.2915831495011936,1.3761699307389168,0.9317048039959548,0.9710911026955339,-0.08458678123772323,-0.042293390618861615,-0.0393862986995791
161,191,0.6723112249836221,0.6884128367069043,1.3446224499672441,1.3768256734138087,0.9369644461259086,0.9749018502157049,-0.032203223446564566,-0.016101611723282283,-0.03793740408979629
162,182,0.6422701772532698,0.6894399138634291,1.2845403545065397,1.3788798277268581,0.9095385387053018,0.9601061911366315,-0.09433947322031844,-0.04716973661015922,-0.05056765243132977
163,190,0.6473917724864253,0.6937435854506854,1.2947835449728506,1.3874871709013707,0.9236738764357928,0.9730439967492294,-0.0927036259285201,-0.04635181296426005,-0.04937012031343657
164,203,0.6715467850513234,0.6874100472585288,1.3430935701026467,1.3748200945170577,0.9302467548497694,0.9606031411195111,-0.03172652441441093,-0.015863262207205464,-0.030356386269741686
165,206,0.6707224741665421,0.704260574050438,1.3414449483330841,1.408521148100876,0.9326904173118432,0.9702426596686214,-0.06707619976779178,-0.03353809988389589,-0.03755224235677823
166,195,0.6686618518269815,0.6936234566101241,1.337323703653963,1.3872469132202483,0.900390976691029,0.9591149903852823,-0.049923209566285376,-0.024961604783142688,-0.058724013694253285
167,167,0.692219291033446,0.6880225545438726,1.384438582066892,1.3760451090877452,0.9393446050431776,0.9715856405023924,0.008393472979146832,0.004196736489573416,-0.03224103545921475
168,188,0.6680144920711231,0.7026386681277219,1.3360289841422461,1.4052773362554438,0.9186487171003249,0.9595797863143317,-0.06924835211319769,-0.03462417605659884,-0.0409310692140068
169,184,0.6607771064068172,0.6983444437168106,1.3215542128136344,1.3966888874336212,0.919631071555175,0.9703210599053144,-0.0751346746199868,-0.0375673373099934,-0.05068998835013938
170,211,0.6747174836816154,0.6924045689982073,1.3494349673632309,1.3848091379964147,0.9109271570885463,0.9620108525136626,-0.03537417063318382,-0.01768708531659191,-0.05108369542511626
171,222,0.654933684728332,0.6776949396239004,1.309867369456664,1.3553898792478007,0.9137082860075548,0.9603900761974886,-0.0455225097911367,-0.02276125489556835,-0.04668179018993379
172,162,0.6569489296165977,0.6884265712849068,1.3138978592331954,1.3768531425698136,0.9334237027383331,0.96908078320102,-0.06295528333661826,-0.03147764166830913,-0.035657080462686896
173,165,0.6736556554732852,0.6681034774735719,1.3473113109465704,1.3362069549471438,0.9430947254638575,0.9721742757612981,0.011104355999426607,0.005552177999713304,-0.02907955029744058
174,199,0.6342547345338522,0.7079687643595618,1.2685094690677043,1.4159375287191236,0.9150982296769465,0.9670176114809576,-0.14742805965141925,-0.07371402982570963,-0.05191938180401101
175,192,0.6650836944051551,0.683517564295099,1.3301673888103103,1.367035128590198,0.9380139719490855,0.9635114023537076,-0.036867739779887776,-0.018433869889943888,-0.025497430404622046
176,183,0.6825842173057528,0.6954950473384228,1.3651684346115056,1.3909900946768456,0.9407475198019619,0.9740228422057656,-0.025821660065340035,-0.012910830032670018,-0.03327532240380371
177,197,0.6423306944548873,0.6960359149330586,1.2846613889097747,1.3920718298661172,0.8955252210547667,0.9673464314186787,-0.10741044095634256,-0.05370522047817128,-0.07182121036391198
178,215,0.6742545265169881,0.694669340783554,1.3485090530339763,1.389338681567108,0.9229650726045536,0.9766076680944771,-0.04082962853313177,-0.020414814266565884,-0.05364259548992345
179,195,0.6779760341759516,0.693509898603085,1.3559520683519033,1.38701979720617,0.9201455344994037,0.9684301156205779,-0.031067728854266674,-0.015533864427133337,-0.048284581121174175
180,190,0.6458097364881052,0.6890393504670966,1.2916194729762105,1.3780787009341933,0.9155576191160502,0.9755430671373259,-0.08645922795798278,-0.04322961397899139,-0.0599854480212757
181,198,0.6599849522134312,0.6905159269488461,1.3199699044268625,1.3810318538976922,0.9098056598268364,0.964926762438116,-0.06106194947082977,-0.030530974735414884,-0.05512110261127967
182,201,0.6522261208222521,0.6957481214209352,1.3044522416445041,1.3914962428418705,0.9194364807986821,0.9678737672300765,-0.08704400119736633,-0.043522000598683164,-0.04843728643139433
183,191,0.6754566087425541,0.6983125135359376,1.3509132174851082,1.3966250270718752,0.9301138945551602,0.9704516020641745,-0.045711809586767016,-0.022855904793383508,-0.04033770750901422
184,182,0.6842351724418917,0.7042991283826353,1.3684703448837834,1.4085982567652706,0.9324311034339007,0.9734535043110278,-0.04012791188148723,-0.020063955940743616,-0.04102240087712716
185,168,0.651130898914047,0.7028630197887266,1.302261797828094,1.4057260395774531,0.9246076087152901,0.9675602900964999,-0.1034642417493592,-0.0517321208746796,-0.04295268138120978
186,172,0.6774643569155638,0.6914199229714504,1.3549287138311277,1.3828398459429008,0.9435946663104487,0.9599902502713806,-0.027911132111773096,-0.013955566055886548,-0.01639558396093188
187,183,0.6291724830627203,0.6805483721275958,1.2583449661254407,1.3610967442551916,0.9057323268351986,0.9654048699918424,-0.10275177812975089,-0.051375889064875446,-0.05967254315664383
188,193,0.6597958787559859,0.699992768112958,1.3195917575119718,1.399985536225916,0.9252241825285398,0.9676419279901636,-0.08039377871394415,-0.040196889356972076,-0.0424177454616238
189,196,0.6742467599393747,0.6914996619134521,1.3484935198787493,1.3829993238269043,0.9151419345323581,0.9688185736285425,-0.034505803948154945,-0.017252901974077473,-0.053676639096184364
190,172,0.6557307844355883,0.7036763380191814,1.3114615688711766,1.4073526760383628,0.9294466237169503,0.9773073538506126,-0.09589110716718618,-0.04794555358359309,-0.04786073013366232
191,186,0.6723958170147868,0.6929776271410366,1.3447916340295736,1.3859552542820732,0.9162497242105619,0.9669326127506938,-0.041163620252499644,-0.020581810126249822,-0.05068288854013181
192,197,0.6744687550482231,0.6902882610947879,1.3489375100964462,1.3805765221895758,0.9134319091547624,0.9763978947484528,-0.03163901209312958,-0.01581950604656479,-0.06296598559369049
193,190,0.6890302698930421,0.6802869771330123,1.3780605397860841,1.3605739542660247,0.9351164759241505,0.9577166519559233,0.01748658552005944,0.00874329276002972,-0.02260017603177278
194,207,0.6655961502095733,0.6783165960387496,1.3311923004191466,1.3566331920774992,0.9130657429110363,0.961715880631811,-0.025440891658352616,-0.012720445829176308,-0.048650137720774755
195,165,0.6647929139131812,0.6772977959446704,1.3295858278263624,1.3545955918893409,0.9397875364253182,0.9661179894329648,-0.0250097640629785,-0.01250488203148925,-0.02633045300764658
196,169,0.6577409567500726,0.6778416895761885,1.3154819135001452,1.355683379152377,0.9345653896059721,0.9726462864306681,-0.040201465652231816,-0.020100732826115908,-0.03808089682469595
197,185,0.668949239087418,0.6897073655820654,1.337898478174836,1.3794147311641307,0.9154515752106654,0.9728736679748811,-0.04151625298929473,-0.020758126494647366,-0.057422092764215615
198,204,0.7009470144928698,0.6923777547373228,1.4018940289857396,1.3847555094746455,0.9255997994162095,0.9665545819224425,0.01713851951109402,0.00856925975554701,-0.04095478250623297
199,189,0.6735270281423105,0.6878441170722983,1.347054056284621,1.3756882341445966,0.9215544980018195,0.9589266076919998,-0.028634177859975685,-0.014317088929987842,-0.03737210969018023
200,214,0.6562204483394583,0.6893116524650866,1.3124408966789165,1.3786233049301733,0.9088322479955165,0.9666335885312916,-0.06618240825125676,-0.03309120412562838,-0.057801340535775014
201,210,0.665100757541299,0.6913953348924377,1.330201515082598,1.3827906697848753,0.9089713964093304,0.9646384359537308,-0.05258915470227721,-0.026294577351138604,-0.05566703954440033
202,161,0.6733835858016828,0.6886554911783279,1.3467671716033656,1.3773109823566558,0.936573914812927,0.9627696590940741,-0.030543810753290268,-0.015271905376645134,-0.026195744281147126
203,193,0.6640459909780208,0.6941711571859135,1.3280919819560415,1.388342314371827,0.921377170991523,0.9716081862755465,-0.06025033241578548,-0.03012516620789274,-0.050231015284023406
204,197,0.688630835726724,0.6992388652071219,1.377261671453448,1.3984777304142437,0.9087728738510112,0.9711107355665114,-0.021216058960795703,-0.010608029480397851,-0.062337861715500154
205,195,0.6497544542320394,0.6826328657817345,1.2995089084640787,1.365265731563469,0.9231185652875659,0.9526057463568304,-0.06575682309939035,-0.032878411549695175,-0.029487181069264512
206,190,0.6721687187549142,0.6913062513052749,1.3443374375098285,1.3826125026105498,0.9216220467974557,0.9655161609752803,-0.03827506510072132,-0.01913753255036066,-0.04389411417782452
207,178,0.6581743780503316,0.6809243149135115,1.3163487561006633,1.361848629827023,0.9170992961556895,0.9620313365702324,-0.04549987372635966,-0.02274993686317983,-0.044932040414542906
208,193,0.6947464117459198,0.7012698436506176,1.3894928234918396,1.4025396873012352,0.9184571575513901,0.9673714707796892,-0.013046863809395681,-0.006523431904697841,-0.04891431322829909
209,198,0.6579573245786499,0.671352063542756,1.3159146491572997,1.342704127085512,0.9117803277160357,0.9663544189348717,-0.02678947792821229,-0.013394738964106145,-0.05457409121883605
210,197,0.6655837518808256,0.7025079910329863,1.3311675037616513,1.4050159820659727,0.9117981879135003,0.9655249137438091,-0.0738484783043214,-0.0369242391521607,-0.0537267258303088
211,181,0.6681368903313182,0.6970964668666045,1.3362737806626364,1.394192933733209,0.9083093670131892,0.9727900641858693,-0.057919153070572715,-0.028959576535286358,-0.06448069717268012
212,200,0.6373950597424578,0.685032110083415,1.2747901194849156,1.37006422016683,0.9074095201007777,0.9705974686142024,-0.09527410068191444,-0.04763705034095722,-0.06318794851342469
213,180,0.6702874750270342,0.6899371868938572,1.3405749500540685,1.3798743737877144,0.9200341424525783,0.9609129159194181,-0.03929942373364592,-0.01964971186682296,-0.04087877346683977
214,186,0.6720977239758705,0.697940973689493,1.344195447951741,1.395881947378986,0.9119133032092819,0.9744555406816107,-0.051686499427245014,-0.025843249713622507,-0.06254223747232879
215,199,0.6857632845980741,0.696569535590187,1.3715265691961482,1.393139071180374,0.9078833352314045,0.9681790790713029,-0.021612501984225707,-0.010806250992112854,-0.06029574383989833
216,180,0.679462101229762,0.6976415138077023,1.358924202459524,1.3952830276154047,0.930622453896404,0.9731936898638905,-0.036358825155880625,-0.018179412577940313,-0.042571235967486576
217,178,0.6404530538039795,0.6830785136966209,1.280906107607959,1.3661570273932417,0.9203203220677492,0.9669016560687927,-0.08525091978528265,-0.042625459892641326,-0.046581334001043584
218,207,0.6624190561630525,0.6798021790192728,1.324838112326105,1.3596043580385455,0.8993354399089096,0.9600496250303375,-0.03476624571244047,-0.017383122856220234,-0.0607141851214279
219,181,0.6800696713245821,0.6976393734294922,1.3601393426491641,1.3952787468589845,0.9423519727819228,0.9709592672942424,-0.03513940420982031,-0.017569702104910156,-0.02860729451231958
220,177,0.6607067619730018,0.6855471216225117,1.3214135239460036,1.3710942432450235,0.9338980365919762,0.9525725651423936,-0.04968071929901985,-0.024840359649509924,-0.018674528550417402
221,160,0.6733349604920353,0.6957078700655229,1.3466699209840707,1.3914157401310459,0.9277858332142443,0.9721810669774315,-0.044745819146975174,-0.022372909573487587,-0.0443952337631871
222,170,0.6508601980095815,0.6736362431741695,1.301720396019163,1.347272486348339,0.9339208256901005,0.9641387456924059,-0.045552090329175954,-0.022776045164587977,-0.030217920002305387
223,191,0.6362127032566163,0.6918202735084148,1.2724254065132325,1.3836405470168296,0.9200693345539053,0.9730791110908277,-0.11121514050359704,-0.05560757025179852,-0.053009776536922404
224,170,0.6747595068458725,0.7078194808725303,1.349519013691745,1.4156389617450607,0.9313517854187454,0.9689359327481631,-0.06611994805331567,-0.033059974026657835,-0.03758414732941773
225,210,0.6629899000888438,0.6927542488215509,1.3259798001776877,1.3855084976431018,0.9117980428383097,0.9717388272851054,-0.059528697465414115,-0.029764348732707058,-0.059940784446795736
226,215,0.6752170402958471,0.6851563063130672,1.3504340805916941,1.3703126126261345,0.8966585888602208,0.9705077901848954,-0.019878532034440344,-0.009939266017220172,-0.07384920132467465
227,164,0.6357010475335207,0.693911878479276,1.2714020950670415,1.387823756958552,0.9025422623505585,0.9595365347739099,-0.1164216618915106,-0.0582108309457553,-0.05699427242335142
228,169,0.6855019240429697,0.7083128680730401,1.3710038480859394,1.4166257361460801,0.9171318472184774,0.9685561463466952,-0.04562188806014067,-0.022810944030070335,-0.051424299128217776
229,181,0.6643253010712387,0.6973536568147899,1.3286506021424773,1.3947073136295798,0.9311262331670104,0.9749163324543302,-0.06605671148710246,-0.03302835574355123,-0.043790099287319806
230,185,0.6661301980947879,0.6993675533191234,1.3322603961895758,1.3987351066382467,0.938324552574908,0.9688735443783595,-0.06647471044867093,-0.03323735522433546,-0.030548991803451497
231,209,0.6630717523962352,0.6844961435945763,1.3261435047924703,1.3689922871891527,0.9040603804517388,0.9728407189757377,-0.04284878239668233,-0.021424391198341164,-0.0687803385239989
232,186,0.6605150379921527,0.7212223970456773,1.3210300759843054,1.4424447940913545,0.9103930059734425,0.9660987718463793,-0.12141471810704907,-0.060707359053524534,-0.05570576587293674
233,149,0.6701754282611174,0.6935765114286552,1.3403508565222348,1.3871530228573103,0.931755968650525,0.9742134717916092,-0.0468021663350755,-0.02340108316753775,-0.04245750314108421
234,205,0.6605545458940564,0.692071361395171,1.3211090917881128,1.384142722790342,0.9050454682518116,0.9597024448142247,-0.06303363100222925,-0.031516815501114626,-0.054656976562413084
235,188,0.6683031065617522,0.6943555348127194,1.3366062131235044,1.3887110696254388,0.9334321262985907,0.9718586000521282,-0.052104856501934416,-0.026052428250967208,-0.03842647375353747
236,165,0.6718902777971643,0.7005367733377216,1.3437805555943285,1.4010735466754431,0.9263717581959213,0.968121742542918,-0.05729299108111463,-0.028646495540557315,-0.04174998434699673
237,180,0.671257747375857,0.689939117633107,1.342515494751714,1.379878235266214,0.9036345399591066,0.9624230304460893,-0.03736274051450006,-0.01868137025725003,-0.05878849048698276
238,160,0.6381066220895036,0.6802190767935938,1.2762132441790073,1.3604381535871877,0.9121589349077894,0.9645740090299655,-0.08422490940818039,-0.042112454704090196,-0.05241507412217605
239,176,0.6717913627179122,0.693988034509015,1.3435827254358244,1.38797606901803,0.9178536271992113,0.9714842250193219,-0.0443933435822057,-0.02219667179110285,-0.05363059782011059
240,193,0.6920261136566813,0.6990257590327793,1.3840522273133626,1.3980515180655586,0.9402480096018009,0.9780156574311234,-0.01399929075219597,-0.006999645376097985,-0.037767647829322515
241,203,0.6784715017664529,0.6960057913298764,1.3569430035329058,1.3920115826597528,0.9199005873463183,0.9656172009945659,-0.03506857912684702,-0.01753428956342351,-0.04571661364824764
242,180,0.6761119405527812,0.6875701566502207,1.3522238811055625,1.3751403133004414,0.9359593485504577,0.9682590292596451,-0.022916432194878933,-0.011458216097439466,-0.03229968070918743
243,205,0.6803100808793411,0.6965943004255196,1.3606201617586822,1.3931886008510392,0.9146705996168577,0.9765874097152514,-0.03256843909235707,-0.016284219546178536,-0.06191681009839367
244,181,0.6581745342150219,0.6964243067731676,1.3163490684300438,1.3928486135463352,0.9353403484615155,0.9706112525649597,-0.07649954511629131,-0.038249772558145656,-0.035270904103444245
245,172,0.6760184199126875,0.6794062804266527,1.352036839825375,1.3588125608533055,0.930388186863413,0.9634026985915994,-0.006775721027930448,-0.003387860513965224,-0.03301451172818648
246,194,0.6789704029819857,0.6952626859077855,1.3579408059639715,1.390525371815571,0.9407005161342836,0.97994285530334,-0.03258456585159952,-0.01629228292579976,-0.039242339169056395
247,185,0.6751400709243076,0.6939319966095757,1.3502801418486152,1.3878639932191514,0.9203391244366813,0.9672075412165346,-0.037583851370536214,-0.018791925685268107,-0.04686841677985332
248,182,0.6517483320809462,0.687660581028946,1.3034966641618924,1.375321162057892,0.9247393814905831,0.9668312742692999,-0.07182449789599965,-0.035912248947999825,-0.04209189277871683
249,183,0.6528889694672013,0.6806623046120773,1.3057779389344026,1.3613246092241547,0.9274379978054577,0.9736044948001357,-0.05554667028975202,-0.02777333514487601,-0.04616649699467801
250,199,0.6658585775377381,0.6841648577289853,1.3317171550754763,1.3683297154579706,0.9061903307201503,0.9631172443659533,-0.036612560382494275,-0.018306280191247137,-0.056926913645802935
251,171,0.6620377954878938,0.6886409448602854,1.3240755909757875,1.3772818897205708,0.9248114026314639,0.9683398404970062,-0.05320629874478322,-0.02660314937239161,-0.04352843786554228
252,202,0.6690106706702518,0.6888255807542776,1.3380213413405035,1.3776511615085552,0.9139258607958746,0.9743920432737323,-0.03962982016805161,-0.019814910084025805,-0.06046618247785773
253,162,0.6497935707325267,0.6839319389055959,1.2995871414650535,1.3678638778111918,0.9219799477139414,0.9736293765698457,-0.06827673634613829,-0.034138368173069145,-0.05164942885590429
254,179,0.6566269684085428,0.6915495561007413,1.3132539368170857,1.3830991122014826,0.9322305759116581,0.9716120314432456,-0.06984517538439694,-0.03492258769219847,-0.03938145553158745
255,179,0.642957561967463,0.698210334333415,1.285915123934926,1.39642066866683,0.8975446981888119,0.9526515027787387,-0.11050554473190388,-0.05525277236595194,-0.05510680458992678
256,204,0.6807383132812981,0.6829054285508183,1.3614766265625962,1.3658108571016365,0.9243342784231365,0.9743264586407576,-0.004334230539040362,-0.002167115269520181,-0.049992180217621085
257,170,0.667034573682987,0.6887864177939392,1.334069147365974,1.3775728355878785,0.922335844579262,0.9715005022631069,-0.043503688221904424,-0.021751844110952212,-0.049164657683844926
258,178,0.6680104287409935,0.6849985099597917,1.336020857481987,1.3699970199195834,0.927362096085221,0.9568105514139579,-0.03397616243759649,-0.016988081218798246,-0.029448455328736856
259,194,0.6727888481205184,0.6866661917483062,1.3455776962410368,1.3733323834966125,0.9180619441902524,0.9622680908035816,-0.027754687255575616,-0.013877343627787808,-0.04420614661332911
260,180,0.678768081819422,0.6943461536180515,1.357536163638844,1.388692307236103,0.9197645076218844,0.9696112201687993,-0.031156143597258934,-0.015578071798629467,-0.04984671254691486
261,197,0.6570941440462067,0.6867158954797172,1.3141882880924134,1.3734317909594345,0.9265352529104034,0.959941387221837,-0.05924350286702107,-0.029621751433510535,-0.03340613431143358
262,186,0.6560295475476113,0.6963527213661891,1.3120590950952227,1.3927054427323782,0.9239747300265984,0.9812578861030502,-0.0806463476371555,-0.04032317381857775,-0.05728315607645185
263,187,0.676541153032637,0.6884116241629136,1.353082306065274,1.3768232483258271,0.9307280473655591,0.965221027907516,-0.023740942260553233,-0.011870471130276616,-0.03449298054195682
264,186,0.6869117287308726,0.7073079424681296,1.3738234574617452,1.4146158849362591,0.9268188806958567,0.9721284087639888,-0.04079242747451395,-0.020396213737256974,-0.04530952806813204
265,191,0.6801816493003828,0.69876305287543,1.3603632986007657,1.39752610575086,0.9254073124375655,0.9650146662692979,-0.037162807150094235,-0.018581403575047117,-0.03960735383173242
266,159,0.6880639589952048,0.6826063794904171,1.3761279179904096,1.3652127589808343,0.9210140731676407,0.9664402254013943,0.010915159009575293,0.005457579504787646,-0.04542615223375357
267,206,0.6780095292867133,0.6960061641816951,1.3560190585734266,1.3920123283633903,0.9211808775438336,0.9668112898009245,-0.035993269789963644,-0.017996634894981822,-0.04563041225709086
268,186,0.6717818792466409,0.6953389557848985,1.3435637584932818,1.390677911569797,0.919789246824206,0.9782964434138828,-0.04711415307651512,-0.02355707653825756,-0.058507196589676735
269,153,0.6567579777377424,0.6941908773344703,1.3135159554754847,1.3883817546689405,0.9309787072732221,0.9620565686056716,-0.07486579919345582,-0.03743289959672791,-0.031077861332449497
270,162,0.691606860998246,0.6858087733305193,1.383213721996492,1.3716175466610385,0.9371908394763104,0.9605553631186008,0.01159617533545343,0.005798087667726715,-0.023364523642290358
271,183,0.6547202632814074,0.6731776453291254,1.3094405265628148,1.3463552906582508,0.9141983354740884,0.9668893856362673,-0.036914764095435926,-0.018457382047717963,-0.0526910501621789
272,191,0.6664483975183414,0.6884716893671596,1.3328967950366828,1.3769433787343193,0.9332697714028089,0.9732338327507251,-0.04404658369763648,-0.02202329184881824,-0.03996406134791619
273,201,0.6558667066558059,0.6962281733709688,1.3117334133116119,1.3924563467419375,0.9270537305368376,0.9700087933100204,-0.08072293343032566,-0.04036146671516283,-0.04295506277318284
274,205,0.6711880226468058,0.6927646917716564,1.3423760452936115,1.385529383543313,0.9287122754762817,0.9727233377325438,-0.043153338249701356,-0.021576669124850678,-0.04401106225626217
275,181,0.6780248850553338,0.6958790744907147,1.3560497701106675,1.3917581489814295,0.9392197694954433,0.973792754160756,-0.03570837887076195,-0.017854189435380974,-0.03457298466531267
276,201,0.678381389911154,0.6885135978422502,1.356762779822308,1.3770271956845004,0.9218906374230228,0.973371485363749,-0.020264415862192298,-0.010132207931096149,-0.05148084794072616
277,182,0.6519948879758304,0.6770190535496529,1.3039897759516608,1.3540381070993057,0.9245691454371091,0.9720084312270864,-0.05004833114764495,-0.025024165573822477,-0.04743928578997725
278,198,0.6477114585705478,0.682656466461402,1.2954229171410956,1.365312932922804,0.9121445173649954,0.9654650999993983,-0.06989001578170839,-0.034945007890854196,-0.05332058263440298
279,193,0.6644980973499318,0.6786278747770109,1.3289961946998636,1.3572557495540218,0.9375382791313828,0.9559326634305063,-0.02825955485415821,-0.014129777427079104,-0.018394384299123545
280,140,0.6828119708297132,0.6899325691494388,1.3656239416594265,1.3798651382988776,0.9496844854450657,0.9667810443474499,-0.014241196639451115,-0.007120598319725557,-0.017096558902384262
281,204,0.6600223188979706,0.6966141873151976,1.3200446377959412,1.3932283746303953,0.9135438487228174,0.9689269415926095,-0.07318373683445412,-0.03659186841722706,-0.05538309286979215
282,203,0.6719763724152422,0.7072771547827604,1.3439527448304844,1.4145543095655209,0.9190076528116704,0.9667989842676985,-0.07060156473503643,-0.03530078236751821,-0.0477913314560281
283,190,0.6476245252075588,0.6942535160155521,1.2952490504151175,1.3885070320311041,0.9357922315026953,0.9715254677685332,-0.09325798161598664,-0.04662899080799332,-0.03573323626583791
284,214,0.6556933307711796,0.6977109455702377,1.3113866615423593,1.3954218911404754,0.9127678575229929,0.9696026497453154,-0.08403522959811616,-0.04201761479905808,-0.05683479222232246
285,211,0.6644807803643505,0.6909135114253485,1.328961560728701,1.381827022850697,0.9103771954676737,0.9644417815537127,-0.05286546212199594,-0.02643273106099797,-0.054064586086039035
286,193,0.6757154158646604,0.6966241902293843,1.3514308317293209,1.3932483804587685,0.9283654855903729,0.9699098969430573,-0.04181754872944765,-0.020908774364723826,-0.041544411352684385
287,185,0.6574661401981896,0.6851044703026646,1.3149322803963792,1.3702089406053293,0.9258575234370837,0.9739569796448796,-0.05527666020895006,-0.02763833010447503,-0.048099456207795876
288,206,0.6662432412140132,0.7059791571877754,1.3324864824280265,1.4119583143755507,0.9152359089072903,0.9760542431150202,-0.07947183194752427,-0.03973591597376214,-0.06081833420772986
289,165,0.6622093625716561,0.7015492395694455,1.3244187251433122,1.403098479138891,0.9239812522780386,0.9734005204723783,-0.0786797539955788,-0.0393398769977894,-0.04941926819433973
290,192,0.6541597628609518,0.6885730102296407,1.3083195257219036,1.3771460204592814,0.9090945476058232,0.9609405093758212,-0.06882649473737779,-0.03441324736868889,-0.051845961769998006
291,210,0.6907351000904889,0.7019860140946519,1.3814702001809778,1.4039720281893038,0.9155077823485143,0.9631153779792248,-0.022501828008326008,-0.011250914004163004,-0.047607595630710486
292,164,0.6545949874436022,0.6934728234940885,1.3091899748872045,1.386945646988177,0.929163869024013,0.9791498550798025,-0.07775567210097245,-0.038877836050486225,-0.04998598605578941
293,205,0.6408015670466797,0.6823171031800197,1.2816031340933594,1.3646342063600394,0.9112969892426871,0.9704882027775423,-0.08303107226668005,-0.041515536133340025,-0.059191213534855236
294,192,0.7010737498818745,0.7096863063730097,1.402147499763749,1.4193726127460193,0.9284194159207156,0.9702018765195581,-0.017225112982270252,-0.008612556491135126,-0.0417824605988425
295,182,0.6447132705939298,0.6793909456590814,1.2894265411878596,1.3587818913181628,0.9221813308425293,0.9754416780362405,-0.06935535013030325,-0.034677675065151625,-0.0532603471937112
296,192,0.6963550331306572,0.7030274107944948,1.3927100662613143,1.4060548215889896,0.9280721163026804,0.9564634072811626,-0.013344755327675317,-0.006672377663837659,-0.028391290978482253
297,195,0.6449338398439258,0.6818370506286924,1.2898676796878517,1.3636741012573848,0.9283361309600902,0.9666738941284555,-0.0738064215695331,-0.03690321078476655,-0.038337763168365346
298,188,0.6615626699698678,0.67775375123367,1.3231253399397356,1.35550750246734,0.9195517779427221,0.9583189547483699,-0.0323821625276044,-0.0161910812638022,-0.038767176805647785
299,191,0.6709302078233703,0.6815763546207806,1.3418604156467406,1.3631527092415612,0.9298307873457071,0.9635067264687569,-0.021292293594820544,-0.010646146797410272,-0.03367593912304978
300,194,0.6512255367727329,0.6758481045170877,1.3024510735454657,1.3516962090341753,0.9242789365861093,0.9728510626967698,-0.04924513548870957,-0.024622567744354784,-0.04857212611066053
301,198,0.6726668724634124,0.6840090308598152,1.3453337449268248,1.3680180617196305,0.9147148164583647,0.9679579741267911,-0.022684316792805692,-0.011342158396402846,-0.053243157668426355
302,191,0.6632313775545824,0.6781639563128848,1.3264627551091648,1.3563279126257697,0.916983352368901,0.9645333270231269,-0.0298651575166049,-0.01493257875830245,-0.047549974654225835
303,186,0.6698021542320118,0.6862021572256326,1.3396043084640237,1.3724043144512652,0.9365716059884535,0.968795368108196,-0.03280000598724153,-0.016400002993620766,-0.03222376211974254
304,169,0.6810547028196704,0.69035072029452,1.3621094056393408,1.38070144058904,0.9289450110971799,0.9636967471924045,-0.0185920349496993,-0.00929601747484965,-0.03475173609522464
305,191,0.6742813659445173,0.6913245089581352,1.3485627318890345,1.3826490179162705,0.9209757294763488,0.9696337449599189,-0.03408628602723596,-0.01704314301361798,-0.04865801548357018
306,195,0.666950694785546,0.6911870272412273,1.333901389571092,1.3823740544824545,0.9141845431318623,0.9710165617036038,-0.048472664911362484,-0.024236332455681242,-0.05683201857174158
307,163,0.6534312437149632,0.6957430375074012,1.3068624874299264,1.3914860750148024,0.9321804178097598,0.9702421887640462,-0.08462358758487598,-0.04231179379243799,-0.03806177095428642
308,227,0.6782217758950505,0.6967750215410076,1.356443551790101,1.3935500430820151,0.9020042201068783,0.9671719745335438,-0.03710649129191412,-0.01855324564595706,-0.06516775442666545
309,188,0.6634556383709591,0.7039619694981497,1.3269112767419182,1.4079239389962994,0.923700284826835,0.9683646341897952,-0.0810126622543812,-0.0405063311271906,-0.044664349362960265
310,207,0.6760925162501427,0.6924024115069657,1.3521850325002853,1.3848048230139314,0.8978749779972232,0.9706523081406636,-0.03261979051364605,-0.016309895256823026,-0.07277733014344046
311,172,0.6616649360863516,0.6837074853516993,1.3233298721727031,1.3674149707033987,0.937012401220559,0.973041099476424,-0.04408509853069553,-0.022042549265347766,-0.03602869825586508
312,197,0.67128280014042,0.70327197347847,1.34256560028084,1.40654394695694,0.9065748354428664,0.9652353580571413,-0.06397834667610014,-0.03198917333805007,-0.0586605226142749
313,167,0.676780865285008,0.7041832862749295,1.353561730570016,1.408366572549859,0.9256843695600244,0.9690205953599855,-0.05480484197984303,-0.027402420989921517,-0.0433362257999611
314,197,0.6438214315700267,0.6857914347184907,1.2876428631400534,1.3715828694369814,0.914251715727359,0.9679638182181844,-0.083940006296928,-0.041970003148464,-0.053712102490825475
315,204,0.6882135896277691,0.7120154464627694,1.3764271792555383,1.4240308929255387,0.9004070546503268,0.964601729985829,-0.04760371367000049,-0.023801856835000246,-0.06419467533550227
316,138,0.6630912204643258,0.7050846429726959,1.3261824409286516,1.4101692859453918,0.920565303936562,0.9679098814150128,-0.08398684501674025,-0.041993422508370126,-0.04734457747845078
317,168,0.7031082525285139,0.6995819075557134,1.4062165050570279,1.3991638151114267,0.9385545327791367,0.970812789376649,0.007052689945601154,0.003526344972800577,-0.03225825659751236
318,175,0.652032295101229,0.6917390449712,1.304064590202458,1.3834780899424,0.9165268804797259,0.9700151997907278,-0.07941349973994205,-0.039706749869971025,-0.05348831931100195
319,156,0.6701610029452992,0.6787097489155058,1.3403220058905985,1.3574194978310117,0.9432848636745567,0.9716392529391079,-0.017097491940413212,-0.008548745970206606,-0.02835438926455125
320,184,0.6927986430925238,0.6945356343781326,1.3855972861850476,1.3890712687562652,0.9196830481566192,0.9629925342618394,-0.00347398257121756,-0.00173699128560878,-0.04330948610522023
321,177,0.6913755201298151,0.7104019041636512,1.3827510402596301,1.4208038083273025,0.9307371266951205,0.9701073792180661,-0.03805276806767233,-0.019026384033836163,-0.03937025252294557
322,203,0.6651514178029049,0.6902506270187443,1.3303028356058098,1.3805012540374886,0.9181153719693543,0.9702977239394576,-0.050198418431678826,-0.025099209215839413,-0.052182351970103236
323,199,0.6604286329116782,0.6939756476307956,1.3208572658233564,1.3879512952615911,0.9237716314155456,0.9729583137876612,-0.06709402943823473,-0.03354701471911736,-0.04918668237211554
324,203,0.6597224518438414,0.6961432066805463,1.3194449036876827,1.3922864133610926,0.9063134765005795,0.9591050384049593,-0.07284150967340985,-0.03642075483670493,-0.052791561904379836
325,203,0.6607714712173324,0.6855077671689479,1.3215429424346647,1.3710155343378958,0.9137082040522453,0.9674249590962876,-0.049472591903231056,-0.024736295951615528,-0.053716755044042275
326,179,0.6702469210247618,0.6910310245198416,1.3404938420495236,1.382062049039683,0.9325408372146994,0.9727557115889965,-0.041568206990159506,-0.020784103495079753,-0.04021487437429716
327,202,0.6811340437365068,0.6941005627018206,1.3622680874730135,1.3882011254036413,0.9182338344909582,0.9759860977646297,-0.025933037930627734,-0.012966518965313867,-0.057752263273671556
328,206,0.6632453265601588,0.6762082054053997,1.3264906531203176,1.3524164108107994,0.9167240533292059,0.960020227025637,-0.025925757690481888,-0.012962878845240944,-0.04329617369643113
329,190,0.6659102363071661,0.7051052952772334,1.3318204726143321,1.4102105905544668,0.9117583426884274,0.9606361324963341,-0.07839011794013473,-0.039195058970067365,-0.04887778980790669
330,183,0.6643761909653534,0.6880656466837162,1.3287523819307068,1.3761312933674323,0.9365537635013846,0.9757421031736756,-0.04737891143672557,-0.023689455718362784,-0.03918833967229096
331,188,0.6695764472351576,0.6964011920257801,1.3391528944703153,1.3928023840515602,0.9302719239824331,0.9702242947560219,-0.053649489581244936,-0.026824744790622468,-0.03995237077358882
332,159,0.6566259016286883,0.682097305080887,1.3132518032573766,1.364194610161774,0.9318790848204218,0.9597551755916375,-0.05094280690439734,-0.02547140345219867,-0.027876090771215667
333,193,0.6510177819844236,0.6862001908388838,1.3020355639688472,1.3724003816777677,0.8957115249367789,0.9572310752412951,-0.07036481770892045,-0.03518240885446022,-0.06151955030451628
334,181,0.6748534563734011,0.6868265314421537,1.3497069127468022,1.3736530628843073,0.9340504733496461,0.965794836211004,-0.023946150137505118,-0.011973075068752559,-0.031744362861357955
335,192,0.6806486123743718,0.6904033358203189,1.3612972247487436,1.3808066716406378,0.9139298633205992,0.9756102740469679,-0.019509446891894155,-0.009754723445947078,-0.06168041072636865
336,220,0.680724570652036,0.6974431645002296,1.361449141304072,1.3948863290004592,0.9177078894689182,0.9725564169205585,-0.03343718769638726,-0.01671859384819363,-0.05484852745164026
337,163,0.6571563356145338,0.6790329353153842,1.3143126712290676,1.3580658706307684,0.9276243403949295,0.968437100426626,-0.04375319940170086,-0.02187659970085043,-0.04081276003169654
338,191,0.6808975022135274,0.6931944459581327,1.3617950044270548,1.3863888919162655,0.9401207685128903,0.9716974272073163,-0.024593887489210653,-0.012296943744605326,-0.03157665869442605
339,194,0.6612390630108167,0.696695649343642,1.3224781260216334,1.393391298687284,0.9139590578998279,0.9613692241790425,-0.07091317266565067,-0.035456586332825335,-0.04741016627921457
340,164,0.6742125122668639,0.686306912138977,1.3484250245337277,1.372613824277954,0.9176809996067431,0.9702078042076695,-0.024188799744226275,-0.012094399872113137,-0.0525268046009264
341,194,0.6554738855066338,0.6937758892280667,1.3109477710132675,1.3875517784561333,0.9139352095036711,0.9697722001141149,-0.07660400744286577,-0.03830200372143289,-0.05583699061044378
342,191,0.6644690729403644,0.6917556034457886,1.3289381458807288,1.3835112068915771,0.9166117800758633,0.9661468693226396,-0.054573061010848356,-0.027286530505424178,-0.0495350892467763
343,204,0.6652608106252581,0.6921670221083402,1.3305216212505162,1.3843340442166805,0.9062967931188517,0.9691641650265763,-0.053812422966164286,-0.026906211483082143,-0.06286737190772462
344,180,0.6550999804623548,0.6834724464051393,1.3101999609247097,1.3669448928102785,0.9265777118206371,0.9672235484321287,-0.05674493188556884,-0.02837246594278442,-0.04064583661149157
345,182,0.6901625512909464,0.7055861722761866,1.3803251025818928,1.4111723445523732,0.9092083512117767,0.966362105578748,-0.030847241970480388,-0.015423620985240194,-0.05715375436697134
346,179,0.6797086037266455,0.6806901952890368,1.359417207453291,1.3613803905780737,0.9315194611349393,0.9636404392740086,-0.001963183124782608,-0.000981591562391304,-0.03212097813906922
347,180,0.6544605222271985,0.686779969731961,1.308921044454397,1.373559939463922,0.911506332003893,0.9691397660710172,-0.06463889500952491,-0.032319447504762455,-0.05763343406712418
348,184,0.6576962642846471,0.6885070915183895,1.3153925285692942,1.377014183036779,0.9347674810968266,0.9721979468172912,-0.0616216544674848,-0.0308108272337424,-0.0374304657204646
349,171,0.6570962561692995,0.6851176987357359,1.314192512338599,1.3702353974714718,0.9315551918088736,0.9693622489721803,-0.05604288513287292,-0.02802144256643646,-0.03780705716330668
350,143,0.6844212855026184,0.6981828584504961,1.3688425710052368,1.3963657169009922,0.9089491889650425,0.9760696113723465,-0.02752314589575544,-0.01376157294787772,-0.06712042240730398
351,203,0.6723001522248866,0.6845082379701133,1.3446003044497732,1.3690164759402266,0.9259184715478231,0.9622554607619636,-0.024416171490453387,-0.012208085745226693,-0.036336989214140414
352,202,0.693274505052047,0.6879542570115035,1.386549010104094,1.375908514023007,0.9289940365625591,0.9581624111791803,0.01064049608108708,0.00532024804054354,-0.02916837461662125
353,189,0.6690491906540789,0.6873461915273518,1.3380983813081577,1.3746923830547035,0.908024200800546,0.9708358097478016,-0.03659400174654581,-0.018297000873272906,-0.06281160894725557
354,181,0.6691176872257435,0.6773933205197179,1.338235374451487,1.3547866410394358,0.9327634453512879,0.9668909754573777,-0.01655126658794881,-0.008275633293974405,-0.03412753010608982
355,172,0.662570413045977,0.7048259024595661,1.325140826091954,1.4096518049191322,0.9324842787339104,0.9626133985176719,-0.08451097882717828,-0.04225548941358914,-0.030129119783761538
356,176,0.671783281769285,0.685459887075528,1.34356656353857,1.370919774151056,0.9314128223752679,0.9751468027963033,-0.027353210612485857,-0.013676605306242928,-0.04373398042103538
357,184,0.6515767116122015,0.6900466632740783,1.303153423224403,1.3800933265481565,0.9282745037458551,0.967502507660994,-0.07693990332375344,-0.03846995166187672,-0.03922800391513892
358,204,0.657519789641672,0.6873687556489929,1.315039579283344,1.3747375112979858,0.9057674389568865,0.9638363637941727,-0.0596979320146418,-0.0298489660073209,-0.05806892483728621
359,198,0.6798102185681426,0.691347682301261,1.3596204371362852,1.382695364602522,0.9299252313406491,0.9692546473241859,-0.02307492746623674,-0.01153746373311837,-0.039329415983536786
360,197,0.6873090863597643,0.6936143683034364,1.3746181727195286,1.3872287366068727,0.9147037704827403,0.9696630685033083,-0.012610563887344162,-0.006305281943672081,-0.05495929802056798
361,195,0.6619450752921072,0.6942118794671588,1.3238901505842144,1.3884237589343176,0.9115338342521015,0.9664305240618569,-0.06453360835010313,-0.03226680417505157,-0.05489668980975537
362,199,0.6792507764444425,0.6862507127166457,1.358501552888885,1.3725014254332915,0.9198255859712647,0.967635945621925,-0.013999872544406378,-0.006999936272203189,-0.04781035965066027
363,190,0.6784462402890721,0.6855341102372805,1.3568924805781442,1.371068220474561,0.9218096356255847,0.9635169577162805,-0.01417573989641685,-0.007087869948208425,-0.04170732209069583
364,178,0.6758996964936321,0.6964946437190973,1.3517993929872643,1.3929892874381946,0.9353213674120067,0.9600681112516664,-0.04118989445093035,-0.020594947225465177,-0.02474674383965969
365,182,0.6827636434176597,0.6905436880317594,1.3655272868353194,1.3810873760635187,0.9037255897058544,0.9672129361421692,-0.015560089228199292,-0.007780044614099646,-0.06348734643631482
366,207,0.6543139710539341,0.7050393782959572,1.3086279421078681,1.4100787565919144,0.9109611678516112,0.976935033583499,-0.10145081448404625,-0.050725407242023124,-0.06597386573188779
367,200,0.6806777515931495,0.7069870289959267,1.361355503186299,1.4139740579918534,0.91922308352314,0.9656134228414484,-0.05261855480555444,-0.02630927740277722,-0.04639033931830838
368,187,0.6720236770418688,0.7020079350370793,1.3440473540837377,1.4040158700741585,0.9179777798044702,0.9614049163622232,-0.059968515990420856,-0.029984257995210428,-0.0434271365577531
369,173,0.654326289671232,0.6965735826869188,1.308652579342464,1.3931471653738376,0.924547514941911,0.9759829276126578,-0.08449458603137372,-0.04224729301568686,-0.051435412670746805
370,186,0.6894347527513714,0.6909925938829435,1.378869505502743,1.381985187765887,0.9091939009011389,0.9493239777115171,-0.0031156822631441816,-0.0015578411315720908,-0.04013007681037817
371,187,0.6882860224849466,0.6883952153209607,1.3765720449698933,1.3767904306419214,0.9142473795324273,0.951864768458814,-0.00021838567202814296,-0.00010919283601407148,-0.03761738892638666
372,198,0.682297109195191,0.6871336409757425,1.364594218390382,1.374267281951485,0.9229872964474036,0.9664584872143318,-0.009673063561102868,-0.004836531780551434,-0.04347119076692818
373,175,0.6664437518862454,0.6892173105756956,1.3328875037724908,1.3784346211513911,0.9266630235173327,0.9706574016987523,-0.04554711737890038,-0.02277355868945019,-0.0439943781814196
374,102,0.6728980700430485,0.6884306720752438,1.345796140086097,1.3768613441504876,0.8983835403722805,0.9685092051577381,-0.031065204064390617,-0.015532602032195308,-0.07012566478545756
375,191,0.6689629991134179,0.6910459767238328,1.3379259982268359,1.3820919534476657,0.9313342072457795,0.9773405593854306,-0.04416595522082978,-0.02208297761041489,-0.0460063521396511
376,195,0.6839115300825294,0.6991832859602968,1.3678230601650587,1.3983665719205935,0.9176859117362494,0.966313527178727,-0.030543511755534825,-0.015271755877767412,-0.04862761544247762
377,198,0.6923726035227461,0.6964181428940753,1.3847452070454922,1.3928362857881507,0.921940113205567,0.950570454927377,-0.008091078742658464,-0.004045539371329232,-0.028630341721810004
378,192,0.6783345289820238,0.6862532805068603,1.3566690579640477,1.3725065610137206,0.9137704728369532,0.9655785619947849,-0.015837503049672907,-0.007918751524836454,-0.05180808915783164
379,214,0.6679347545891628,0.6998441631884383,1.3358695091783257,1.3996883263768767,0.9166890117578319,0.9619852285616536,-0.06381881719855098,-0.03190940859927549,-0.045296216803821676
380,196,0.6477662511247051,0.70460961659818,1.2955325022494102,1.40921923319636,0.9263294952294759,0.9691968583275148,-0.11368673094694981,-0.056843365473474905,-0.042867363098038846
381,197,0.6592656772836571,0.6963048536907724,1.3185313545673143,1.3926097073815449,0.9286570592983443,0.9661427037842578,-0.07407835281423059,-0.03703917640711529,-0.037485644485913516
382,178,0.6598508296908883,0.6877594215136512,1.3197016593817765,1.3755188430273024,0.9370101194318324,0.960008430687395,-0.0558171836455259,-0.02790859182276295,-0.02299831125556262
383,222,0.6775412580731168,0.6798081438758407,1.3550825161462337,1.3596162877516813,0.8982358918129678,0.9597867096115192,-0.004533771605447656,-0.002266885802723828,-0.06155081779855143
384,175,0.6587492977704605,0.6832743583356802,1.317498595540921,1.3665487166713604,0.9374495111775815,0.9676595100059235,-0.04905012113043927,-0.024525060565219636,-0.030209998828342077
385,179,0.6411423457908585,0.6915049784457636,1.282284691581717,1.3830099568915273,0.9138869583423658,0.9665832522765059,-0.1007252653098103,-0.05036263265490515,-0.052696293934140104
386,215,0.6848604541088493,0.7034136533765861,1.3697209082176987,1.4068273067531722,0.9090008510664512,0.9681347787698135,-0.037106398535473595,-0.018553199267736797,-0.05913392770336223
387,192,0.6799964005111535,0.6972807561523107,1.359992801022307,1.3945615123046213,0.9271558072698521,0.9612656058614505,-0.03456871128231431,-0.017284355641157156,-0.03410979859159835
388,199,0.6886718724606693,0.7065998714336436,1.3773437449213386,1.4131997428672871,0.908733602276243,0.9705945624734306,-0.035855997945948515,-0.017927998972974257,-0.061860960197187564
389,160,0.6712828006372287,0.7082872374265979,1.3425656012744573,1.4165744748531959,0.888036426996363,0.9595617682090586,-0.07400887357873853,-0.037004436789369266,-0.0715253412126956
390,173,0.6726106953874974,0.6935251057378228,1.3452213907749948,1.3870502114756456,0.9243205552158981,0.9737839097999075,-0.04182882070065075,-0.020914410350325374,-0.04946335458400941
391,168,0.6878565300491168,0.6865606506195476,1.3757130600982337,1.3731213012390953,0.9089502034285667,0.9601046741629212,0.0025917588591384266,0.0012958794295692133,-0.05115447073435453
392,183,0.6621299129618242,0.6887807011834998,1.3242598259236484,1.3775614023669995,0.9175971823841373,0.9683212320482087,-0.053301576443351095,-0.026650788221675548,-0.0507240496640714
393,190,0.6623895059379799,0.6880310736207342,1.3247790118759597,1.3760621472414685,0.9210835730078257,0.9626155426865037,-0.05128313536550877,-0.025641567682754385,-0.041531969678678005
394,188,0.6589199842344181,0.6792443043687357,1.3178399684688362,1.3584886087374715,0.9286305538467918,0.9544328536955384,-0.04064864026863524,-0.02032432013431762,-0.0258022998487466
395,171,0.6861200550626613,0.6956966970868139,1.3722401101253225,1.3913933941736278,0.9420957763374179,0.9650091381734275,-0.019153284048305297,-0.009576642024152648,-0.02291336183600956
396,197,0.6629133231733277,0.6830060230912751,1.3258266463466555,1.3660120461825502,0.8876658177022327,0.9602313562057767,-0.04018539983589475,-0.020092699917947376,-0.07256553850354397
397,168,0.6559331706451392,0.6929732820588418,1.3118663412902785,1.3859465641176836,0.9368137647471143,0.9731797991356343,-0.07408022282740512,-0.03704011141370256,-0.03636603438852004
398,204,0.6626087396852656,0.6851079995320148,1.3252174793705311,1.3702159990640297,0.9010713299129426,0.9691358054653691,-0.04499851969349855,-0.022499259846749275,-0.06806447555242656
399,186,0.6700613882018212,0.6987613448147524,1.3401227764036423,1.3975226896295048,0.9111903309018345,0.970777255876256,-0.057399913225862464,-0.028699956612931232,-0.05958692497442142
400,186,0.6638581551225734,0.6843777621096309,1.3277163102451468,1.3687555242192617,0.9338062027555096,0.973826726495824,-0.04103921397411492,-0.02051960698705746,-0.040020523740314395
401,210,0.6519238755393304,0.6963494943166321,1.3038477510786608,1.3926989886332641,0.9105036164234015,0.9696586297374663,-0.08885123755460334,-0.04442561877730167,-0.05915501331406481
402,236,0.6708928292358616,0.70110710852982,1.3417856584717232,1.40221421705964,0.8932441358905117,0.96464692549831,-0.060428558587916736,-0.030214279293958368,-0.07140278960779833
403,187,0.678863678804207,0.6913520421589338,1.357727357608414,1.3827040843178675,0.9352501143643067,0.9666396615707414,-0.02497672670945361,-0.012488363354726806,-0.03138954720643472
404,179,0.6613020688351186,0.6825156648962944,1.322604137670237,1.365031329792589,0.9303394288579107,0.9737457512993924,-0.0424271921223518,-0.0212135960611759,-0.04340632244148179
405,180,0.6667517153802028,0.6965193328931151,1.3335034307604057,1.3930386657862301,0.9277365489910305,0.9635989436668486,-0.05953523502582447,-0.029767617512912237,-0.03586239467581809
406,211,0.6814024953158668,0.6912523672496313,1.3628049906317337,1.3825047344992627,0.9090635213392781,0.9713190568465253,-0.01969974386752904,-0.00984987193376452,-0.06225553550724716
407,183,0.6809480841642045,0.6942721544221637,1.361896168328409,1.3885443088443274,0.9165282462257341,0.9663066427139291,-0.02664814051591846,-0.01332407025795923,-0.04977839648819493
408,187,0.6622628849945482,0.6905824739325982,1.3245257699890964,1.3811649478651964,0.9336097888085902,0.9751535696851281,-0.056639177876099955,-0.028319588938049978,-0.04154378087653787
409,219,0.6709342451113338,0.6945714039265838,1.3418684902226676,1.3891428078531676,0.9260959924809266,0.9770783625584819,-0.04727431763049994,-0.02363715881524997,-0.05098237007755535
410,194,0.6833788976325395,0.703093753845362,1.366757795265079,1.406187507690724,0.9211184174688939,0.9764241568358344,-0.03942971242564508,-0.01971485621282254,-0.0553057393669405
411,193,0.6628296042399404,0.7150937188479684,1.3256592084798808,1.4301874376959367,0.9235509509134278,0.9660992356013951,-0.10452822921605587,-0.052264114608027934,-0.04254828468796734
412,202,0.6325405712234883,0.6876270771432353,1.2650811424469766,1.3752541542864707,0.9003702551067432,0.9662672562162693,-0.11017301183949413,-0.055086505919747064,-0.06589700110952612
413,177,0.6512189104131646,0.6783852932265452,1.3024378208263292,1.3567705864530903,0.9381983708114047,0.9676894941180625,-0.05433276562676115,-0.027166382813380574,-0.029491123306657818
414,144,0.6954666389294503,0.7020584963721028,1.3909332778589005,1.4041169927442056,0.887436867474295,0.9657254306099742,-0.01318371488530512,-0.00659185744265256,-0.07828856313567922
415,193,0.6483450250280459,0.6803158462525873,1.2966900500560918,1.3606316925051747,0.9119783434409334,0.970020965653378,-0.06394164244908285,-0.031970821224541424,-0.058042622212444606
416,176,0.6713611121498185,0.7065215106164809,1.342722224299637,1.4130430212329619,0.9282885707923315,0.9745619521825283,-0.07032079693332483,-0.03516039846666241,-0.046273381390196766
417,177,0.685112589639729,0.6863511305529314,1.370225179279458,1.3727022611058628,0.9279768692614085,0.9551084408404287,-0.0024770818264048255,-0.0012385409132024128,-0.02713157157902013
418,198,0.6781957192759551,0.6912305700358965,1.3563914385519102,1.382461140071793,0.923270924951483,0.9674326900800079,-0.02606970151988275,-0.013034850759941374,-0.04416176512852488
419,188,0.6544606984692692,0.6927579108280905,1.3089213969385385,1.385515821656181,0.9287841148722615,0.9722757176712435,-0.07659442471764244,-0.03829721235882122,-0.04349160279898201
420,194,0.6810797000287422,0.6830009521218012,1.3621594000574844,1.3660019042436025,0.9103501309131019,0.9656380385004993,-0.0038425041861180897,-0.0019212520930590449,-0.055287907587397433
421,206,0.6823771396670367,0.7086584922607397,1.3647542793340735,1.4173169845214795,0.9122046554988326,0.9706147237303347,-0.05256270518740602,-0.02628135259370301,-0.05841006823150219
422,181,0.652783352424347,0.6723605925780972,1.305566704848694,1.3447211851561944,0.9156584805532861,0.9609675322226591,-0.03915448030750035,-0.019577240153750175,-0.045309051669372935
423,192,0.6282519620525652,0.6779431697049381,1.2565039241051303,1.3558863394098761,0.901811006582207,0.970721725753503,-0.09938241530474579,-0.04969120765237289,-0.06891071917129599
424,198,0.6876859009143065,0.6901497767818981,1.375371801828613,1.3802995535637963,0.9181050875118963,0.9687592964180124,-0.004927751735183339,-0.0024638758675916694,-0.05065420890611605
425,207,0.6804498199984467,0.6989007230433676,1.3608996399968933,1.3978014460867352,0.9169022894965906,0.9685876922070535,-0.03690180608984184,-0.01845090304492092,-0.05168540271046296
426,108,0.677472211447884,0.7221966371815052,1.354944422895768,1.4443932743630103,0.9090900678674734,0.96058426005023,-0.08944885146724224,-0.04472442573362112,-0.05149419218275664
427,197,0.6912123214988288,0.7073409224726925,1.3824246429976577,1.414681844945385,0.9169850335355566,0.9662771782279911,-0.03225720194772741,-0.016128600973863705,-0.04929214469243448
428,205,0.6864693363220724,0.6959144396716982,1.3729386726441448,1.3918288793433964,0.9008278263979057,0.948773282080334,-0.018890206699251566,-0.009445103349625783,-0.04794545568242825
429,189,0.6839125936823549,0.6955543981423641,1.3678251873647098,1.3911087962847282,0.9136314089356794,0.9689070404895003,-0.02328360892001835,-0.011641804460009175,-0.05527563155382087
430,178,0.6560931249191774,0.6801174357428668,1.3121862498383547,1.3602348714857335,0.9164630660167616,0.963312538709162,-0.048048621647378775,-0.024024310823689388,-0.04684947269240036
431,183,0.6934580982648875,0.7048977181979388,1.386916196529775,1.4097954363958776,0.9151132491590559,0.9804054826335382,-0.02287923986610263,-0.011439619933051315,-0.06529223347448232
432,187,0.6858819846684794,0.7019074303255803,1.3717639693369588,1.4038148606511607,0.9326732634079454,0.969676126984097,-0.03205089131420191,-0.016025445657100956,-0.03700286357615157
433,194,0.6658876243674571,0.6990837074277668,1.3317752487349142,1.3981674148555336,0.9282530196193192,0.974666265133198,-0.06639216612061949,-0.033196083060309745,-0.04641324551387882
434,199,0.682507989294748,0.6869292543777943,1.365015978589496,1.3738585087555886,0.9253895164545467,0.9662929340084508,-0.0088425301660926,-0.0044212650830463,-0.04090341755390414
435,204,0.6586259644962154,0.6947841554791603,1.3172519289924307,1.3895683109583206,0.9214610940902541,0.9755698877605212,-0.07231638196588985,-0.03615819098294493,-0.05410879367026711
436,203,0.6661531473068808,0.7026373176750896,1.3323062946137616,1.4052746353501793,0.9173572588027419,0.9543438524669869,-0.07296834073641767,-0.036484170368208835,-0.03698659366424506
437,193,0.6683420162048829,0.6789984606569981,1.3366840324097657,1.3579969213139962,0.9319709074214807,0.9733472301108145,-0.021312888904230443,-0.010656444452115221,-0.04137632268933378
438,192,0.6563283414827137,0.683170604621818,1.3126566829654274,1.366341209243636,0.9251544744989986,0.9590825306119232,-0.05368452627820863,-0.026842263139104316,-0.0339280561129246
439,181,0.6431685256020198,0.6843942391627515,1.2863370512040395,1.368788478325503,0.9153889698422287,0.9701021770534136,-0.08245142712146358,-0.04122571356073179,-0.05471320721118489
440,190,0.6706057425331119,0.7033630514321242,1.3412114850662238,1.4067261028642484,0.903915133516501,0.9729998101578754,-0.06551461779802459,-0.032757308899012294,-0.06908467664137441
441,188,0.6656180835179876,0.7005327942772344,1.3312361670359751,1.4010655885544687,0.9294661586770604,0.9795996972452391,-0.06982942151849358,-0.03491471075924679,-0.050133538568178704
442,191,0.6767347472896781,0.6962274084276234,1.3534694945793562,1.3924548168552469,0.9226277244819743,0.962606918573784,-0.03898532227589069,-0.019492661137945344,-0.03997919409180972
443,190,0.6499111096083642,0.6970628145088038,1.2998222192167284,1.3941256290176076,0.924683129703929,0.9674781720172083,-0.09430340980087926,-0.04715170490043963,-0.04279504231327935
444,195,0.6564651173746228,0.6998403016729594,1.3129302347492455,1.3996806033459188,0.9113604179248515,0.9718433239862531,-0.08675036859667329,-0.043375184298336644,-0.06048290606140161
445,184,0.6728128764569894,0.7095165187013388,1.3456257529139788,1.4190330374026776,0.923938074591082,0.9719701280689046,-0.07340728448869882,-0.03670364224434941,-0.04803205347782258
446,170,0.6948018473075617,0.6904977872553578,1.3896036946151233,1.3809955745107156,0.9247516182699871,0.9702150532912772,0.008608120104407702,0.004304060052203851,-0.04546343502129013
447,171,0.6810703814590898,0.6913224714944326,1.3621407629181796,1.3826449429888652,0.9281511028801338,0.9683216674403301,-0.02050418007068555,-0.010252090035342776,-0.0401705645601963
448,204,0.6743033185752886,0.7042758370480124,1.3486066371505772,1.4085516740960249,0.9235029911392371,0.971481110995337,-0.05994503694544773,-0.029972518472723864,-0.0479781198560999
449,199,0.641295411942258,0.6890773285436702,1.282590823884516,1.3781546570873404,0.9202114521088661,0.970754452044329,-0.09556383320282436,-0.04778191660141218,-0.05054299993546285
450,211,0.6601126572293864,0.6917930686162861,1.3202253144587728,1.3835861372325722,0.9222174893685484,0.9759705020822146,-0.0633608227737994,-0.0316804113868997,-0.05375301271366617
451,192,0.6681257925694939,0.7072062972184651,1.3362515851389878,1.4144125944369301,0.9220393648744352,0.9738621278962037,-0.07816100929794234,-0.03908050464897117,-0.05182276302176858
452,184,0.6580410038840441,0.6870765508147123,1.3160820077680881,1.3741531016294246,0.9209679745739165,0.9710333647058897,-0.058071093861336465,-0.029035546930668232,-0.0500653901319732
453,214,0.6663936628090817,0.6810184552743105,1.3327873256181635,1.362036910548621,0.9253781197313592,0.9658722045023752,-0.029249584930457484,-0.014624792465228742,-0.040494084771016015
454,157,0.6706939501661656,0.6838315692216907,1.3413879003323312,1.3676631384433815,0.9257024437615019,0.9618324452064481,-0.02627523811105026,-0.01313761905552513,-0.03613000144494616
455,209,0.6791998299956797,0.6934034474242687,1.3583996599913595,1.3868068948485375,0.9188736842704638,0.9720273841227289,-0.028407234857178,-0.014203617428589,-0.053153699852265146
456,194,0.6597308565990398,0.6907793726376229,1.3194617131980797,1.3815587452752458,0.9163326959256183,0.9657263725511699,-0.0620970320771661,-0.03104851603858305,-0.04939367662555161
457,184,0.6825367628817712,0.7033116301887663,1.3650735257635425,1.4066232603775326,0.927171205229166,0.9760908515526214,-0.04154973461399014,-0.02077486730699507,-0.04891964632345547
458,203,0.6444346962053116,0.6847191042411691,1.2888693924106231,1.3694382084823382,0.9048522311723444,0.9642241185986811,-0.08056881607171507,-0.04028440803585753,-0.0593718874263367
459,163,0.68443838995116,0.6958718341141026,1.36887677990232,1.3917436682282052,0.939038851080471,0.965367268926297,-0.022866888325885126,-0.011433444162942563,-0.026328417845825958
460,200,0.6497395694757666,0.6828894868159558,1.2994791389515332,1.3657789736319117,0.9248390232680985,0.9643483690960412,-0.06629983468037848,-0.03314991734018924,-0.03950934582794263
461,154,0.6661312376811487,0.690325695285405,1.3322624753622974,1.38065139057081,0.9348919490178355,0.9713516502639407,-0.04838891520851263,-0.024194457604256314,-0.0364597012461052
462,200,0.6834299914419717,0.7004208177942026,1.3668599828839434,1.4008416355884052,0.9329481497519364,0.9706973066847987,-0.03398165270446185,-0.016990826352230926,-0.03774915693286229
463,195,0.6915003542592826,0.6962640600627218,1.3830007085185652,1.3925281201254436,0.9120914111204401,0.9692846280956133,-0.009527411606878422,-0.004763705803439211,-0.05719321697517321
464,207,0.68213730382289,0.6930535787628863,1.36427460764578,1.3861071575257726,0.9109916573588849,0.961838696554576,-0.021832549879992724,-0.010916274939996362,-0.05084703919569111
465,171,0.6601143263325966,0.6837732106847086,1.3202286526651932,1.3675464213694173,0.9299355521136904,0.9636465825489883,-0.047317768704224106,-0.023658884352112053,-0.033711030435297884
466,187,0.6590609970252597,0.6936343303468501,1.3181219940505193,1.3872686606937001,0.9275115560274589,0.9721772910353954,-0.06914666664318081,-0.034573333321590405,-0.04466573500793647
467,176,0.6788432981207021,0.700590848975498,1.3576865962414042,1.401181697950996,0.93112835647974,0.9719914637676106,-0.0434951017095917,-0.02174755085479585,-0.04086310728787057
468,185,0.6862503307979814,0.706813533128606,1.3725006615959627,1.413627066257212,0.9294658484066028,0.9739791524118799,-0.04112640466124917,-0.020563202330624586,-0.04451330400527709
469,189,0.6420435249197116,0.6827586920799579,1.2840870498394232,1.3655173841599157,0.9018611699546156,0.9553528081196005,-0.08143033432049251,-0.04071516716024626,-0.05349163816498492
470,220,0.6710318273698991,0.6953909186234819,1.3420636547397982,1.3907818372469638,0.919575399789742,0.9729433038516376,-0.04871818250716564,-0.02435909125358282,-0.05336790406189562
471,146,0.6593124348435285,0.6978759837498425,1.318624869687057,1.395751967499685,0.9414380262671782,0.9706233143016343,-0.07712709781262794,-0.03856354890631397,-0.02918528803445608
472,181,0.6529185826434658,0.6983416091007755,1.3058371652869316,1.396683218201551,0.9229598748355137,0.9741565075731878,-0.09084605291461934,-0.04542302645730967,-0.051196632737674164
473,180,0.6631456901058095,0.6811540712631429,1.326291380211619,1.3623081425262857,0.9335451587502058,0.9679612014801608,-0.03601676231466677,-0.018008381157333386,-0.03441604272995502
474,193,0.6568757325458708,0.6932773205855061,1.3137514650917417,1.3865546411710121,0.929974048488753,0.9693909892449383,-0.07280317607927045,-0.036401588039635224,-0.03941694075618529
475,208,0.6844848335008785,0.6975225780008584,1.368969667001757,1.3950451560017167,0.8963391948431906,0.9683353824351129,-0.026075488999959706,-0.013037744499979853,-0.07199618759192228
476,183,0.674241044322888,0.7069027866818949,1.348482088645776,1.4138055733637898,0.9197569829843829,0.975216363181219,-0.06532348471801375,-0.03266174235900687,-0.05545938019683605
477,223,0.7076057501746397,0.6823443189431514,1.4152115003492793,1.3646886378863028,0.9090795125882382,0.9569239647493477,0.05052286246297655,0.025261431231488274,-0.04784445216110955
478,207,0.6671300078497555,0.685941544781678,1.334260015699511,1.371883089563356,0.9255497235885539,0.9662098316630245,-0.037623073863845,-0.0188115369319225,-0.040660108074470624
479,181,0.6608000453112756,0.689730420445049,1.3216000906225511,1.379460840890098,0.9303699439368669,0.9727787829247202,-0.05786075026754678,-0.02893037513377339,-0.0424088389878533
480,199,0.6816995417876766,0.7006399365213514,1.363399083575353,1.4012798730427027,0.9201248841072892,0.9683385845996362,-0.03788078946734963,-0.018940394733674815,-0.04821370049234697
481,187,0.6734295719596007,0.694951172318013,1.3468591439192015,1.389902344636026,0.9344256706894161,0.9747551637340919,-0.04304320071682444,-0.02152160035841222,-0.04032949304467581
482,208,0.6652861792110971,0.6966354632283259,1.3305723584221942,1.3932709264566518,0.9209748123488952,0.9657470033741083,-0.06269856803445761,-0.03134928401722881,-0.044772191025213126
483,200,0.6599281055524746,0.6884359923063389,1.3198562111049492,1.3768719846126778,0.9392698345441226,0.9742325969679324,-0.05701577350772857,-0.028507886753864287,-0.0349627624238098
484,181,0.6792430176028188,0.6939279838234413,1.3584860352056376,1.3878559676468827,0.9258459997491518,0.9762912795616958,-0.029369932441245084,-0.014684966220622542,-0.050445279812543986
485,207,0.6530738170975781,0.6936935303770475,1.3061476341951561,1.387387060754095,0.8957462581704598,0.9734317346147215,-0.0812394265589389,-0.04061971327946945,-0.07768547644426171
486,188,0.6513405472358655,0.693514825373042,1.302681094471731,1.387029650746084,0.9247376434473797,0.9740834644293126,-0.08434855627435289,-0.042174278137176446,-0.04934582098193285
487,184,0.666590885204778,0.6855433515759547,1.333181770409556,1.3710867031519094,0.9235785656363985,0.9692619369175581,-0.03790493274235329,-0.018952466371176646,-0.045683371281159624
488,185,0.6718187846159756,0.6935622449314492,1.343637569231951,1.3871244898628985,0.9302211082719515,0.9591650462570167,-0.04348692063094739,-0.021743460315473695,-0.028943937985065227
489,220,0.6814720417346374,0.6947360885955521,1.3629440834692748,1.3894721771911043,0.9074767807481585,0.9619266082365445,-0.026528093721829515,-0.013264046860914758,-0.054449827488386005
490,169,0.6723152922880954,0.7049086017062987,1.3446305845761908,1.4098172034125973,0.9391091468890904,0.9729208323213612,-0.06518661883640653,-0.032593309418203265,-0.033811685432270755
491,179,0.6648349471971434,0.6916268225621681,1.3296698943942868,1.3832536451243362,0.9227748440145803,0.9674954668503752,-0.053583750730049395,-0.026791875365024698,-0.04472062283579492
492,191,0.6638892448935322,0.6960022177951649,1.3277784897870644,1.3920044355903298,0.9248061141689286,0.9643939360207635,-0.06422594580326546,-0.03211297290163273,-0.03958782185183496
493,197,0.6577525042421913,0.7028856590987757,1.3155050084843827,1.4057713181975513,0.9205708720399627,0.9694237838586052,-0.09026630971316862,-0.04513315485658431,-0.048852911818642486
494,207,0.6766279988168672,0.7029972353866986,1.3532559976337344,1.4059944707733971,0.9102706067164735,0.9680621687250013,-0.052738473139662734,-0.026369236569831367,-0.05779156200852775
495,198,0.6691844026186673,0.6980885045434075,1.3383688052373346,1.396177009086815,0.9274610953831849,0.9698779946501889,-0.05780820384948049,-0.028904101924740244,-0.04241689926700398
496,195,0.6519120604912444,0.6987711173672799,1.3038241209824888,1.3975422347345599,0.9133206543196031,0.9630316010862411,-0.09371811375207106,-0.04685905687603553,-0.04971094676663801
497,187,0.6682204845645597,0.6869752818186085,1.3364409691291195,1.373950563637217,0.9368102768085762,0.9703976088654274,-0.03750959450809743,-0.018754797254048716,-0.03358733205685116
498,177,0.6777705940186477,0.6879382743912097,1.3555411880372954,1.3758765487824194,0.9311861609434784,0.9721627302592878,-0.020335360745123987,-0.010167680372561994,-0.0409765693158094
499,170,0.6910182147380584,0.7068946792842696,1.3820364294761167,1.4137893585685393,0.9367647475999308,0.974868278238391,-0.031752929092422555,-0.015876464546211277,-0.03810353063846017
500,170,0.6726149958423767,0.6841333280691759,1.3452299916847534,1.3682666561383519,0.933213669088071,0.9642224639897999,-0.02303666445359842,-0.01151833222679921,-0.03100879490172892
